[{"model": "placecore.place", "pk": 1, "fields": {"creation": "2018-07-18T16:03:02.576Z", "modified": "2018-07-18T16:04:14.286Z", "is_active": true, "relevance": 0.0, "visualization": 0, "name": "Exemplo10", "address": "Exemplo", "description": "Exemplo", "capacity": 123, "size": 123.0, "video": "Exemplo", "children_rides": "[]", "decoration": "[]", "menu": "", "sellerprofile": 1, "lat": 123.0, "lng": 123.0}}, {"model": "placecore.place", "pk": 2, "fields": {"creation": "2018-07-18T16:03:07.376Z", "modified": "2018-07-18T16:04:09.876Z", "is_active": true, "relevance": 0.0, "visualization": 0, "name": "Exemplo9", "address": "Exemplo", "description": "Exemplo", "capacity": 123, "size": 123.0, "video": "Exemplo", "children_rides": "[]", "decoration": "[]", "menu": "", "sellerprofile": 1, "lat": 123.0, "lng": 123.0}}, {"model": "placecore.place", "pk": 3, "fields": {"creation": "2018-07-18T16:03:09.954Z", "modified": "2018-07-18T16:04:04.739Z", "is_active": true, "relevance": 0.0, "visualization": 0, "name": "Exemplo8", "address": "Exemplo", "description": "Exemplo", "capacity": 123, "size": 123.0, "video": "Exemplo", "children_rides": "[]", "decoration": "[]", "menu": "", "sellerprofile": 1, "lat": 123.0, "lng": 123.0}}, {"model": "placecore.place", "pk": 4, "fields": {"creation": "2018-07-18T16:03:12.130Z", "modified": "2018-07-18T16:04:00.980Z", "is_active": true, "relevance": 0.0, "visualization": 0, "name": "Exemplo7", "address": "Exemplo", "description": "Exemplo", "capacity": 123, "size": 123.0, "video": "Exemplo", "children_rides": "[]", "decoration": "[]", "menu": "", "sellerprofile": 1, "lat": 123.0, "lng": 123.0}}, {"model": "placecore.place", "pk": 5, "fields": {"creation": "2018-07-18T16:03:14.020Z", "modified": "2018-07-18T16:03:56.774Z", "is_active": true, "relevance": 0.0, "visualization": 0, "name": "Exemplo6", "address": "Exemplo", "description": "Exemplo", "capacity": 123, "size": 123.0, "video": "Exemplo", "children_rides": "[]", "decoration": "[]", "menu": "", "sellerprofile": 1, "lat": 123.0, "lng": 123.0}}, {"model": "placecore.place", "pk": 6, "fields": {"creation": "2018-07-18T16:03:16.135Z", "modified": "2018-07-18T16:03:52.507Z", "is_active": true, "relevance": 0.0, "visualization": 0, "name": "Exemplo5", "address": "Exemplo", "description": "Exemplo", "capacity": 123, "size": 123.0, "video": "Exemplo", "children_rides": "[]", "decoration": "[]", "menu": "", "sellerprofile": 1, "lat": 123.0, "lng": 123.0}}, {"model": "placecore.place", "pk": 7, "fields": {"creation": "2018-07-18T16:03:18.146Z", "modified": "2018-07-18T16:03:47.473Z", "is_active": true, "relevance": 0.0, "visualization": 0, "name": "Exemplo4", "address": "Exemplo", "description": "Exemplo", "capacity": 123, "size": 123.0, "video": "Exemplo", "children_rides": "[]", "decoration": "[]", "menu": "", "sellerprofile": 1, "lat": 123.0, "lng": 123.0}}, {"model": "placecore.place", "pk": 8, "fields": {"creation": "2018-07-18T16:03:20.377Z", "modified": "2018-07-18T16:03:43.062Z", "is_active": true, "relevance": 0.0, "visualization": 0, "name": "Exemplo3", "address": "Exemplo", "description": "Exemplo", "capacity": 123, "size": 123.0, "video": "Exemplo", "children_rides": "[]", "decoration": "[]", "menu": "", "sellerprofile": 1, "lat": 123.0, "lng": 123.0}}, {"model": "placecore.place", "pk": 9, "fields": {"creation": "2018-07-18T16:03:22.234Z", "modified": "2018-07-18T16:03:39.551Z", "is_active": true, "relevance": 0.0, "visualization": 0, "name": "Exemplo2", "address": "Exemplo", "description": "Exemplo", "capacity": 123, "size": 123.0, "video": "Exemplo", "children_rides": "[]", "decoration": "[]", "menu": "", "sellerprofile": 1, "lat": 123.0, "lng": 123.0}}, {"model": "placecore.place", "pk": 10, "fields": {"creation": "2018-07-18T16:03:24.261Z", "modified": "2018-07-18T16:03:35.804Z", "is_active": true, "relevance": 0.0, "visualization": 0, "name": "Exemplo1", "address": "Exemplo", "description": "Exemplo", "capacity": 123, "size": 123.0, "video": "Exemplo", "children_rides": "[]", "decoration": "[]", "menu": "", "sellerprofile": 1, "lat": 123.0, "lng": 123.0}}, {"model": "placecore.photoprovisory", "pk": 1, "fields": {"photo": "place/photoprovisory/WWW.YTS.AG.jpg"}}, {"model": "placecore.photoprovisory", "pk": 2, "fields": {"photo": "place/photoprovisory/WWW.YTS.AG_UDVLKno.jpg"}}, {"model": "placecore.photoprovisory", "pk": 3, "fields": {"photo": "place/photoprovisory/WWW.YTS.AG_4EKAhD2.jpg"}}, {"model": "placecore.photoprovisory", "pk": 4, "fields": {"photo": "place/photoprovisory/WWW.YTS.AG_TqdOmqP.jpg"}}, {"model": "placecore.photoprovisory", "pk": 5, "fields": {"photo": "place/photoprovisory/WWW.YTS.AG_an3PmDp.jpg"}}, {"model": "placecore.photoprovisory", "pk": 6, "fields": {"photo": "place/photoprovisory/WWW.YTS.AG_uYRKcON.jpg"}}, {"model": "placecore.photoprovisory", "pk": 7, "fields": {"photo": "place/photoprovisory/WWW.YTS.AG_xqd4E4q.jpg"}}, {"model": "placecore.photoprovisory", "pk": 8, "fields": {"photo": "place/photoprovisory/WWW.YTS.AG_mReKEtx.jpg"}}, {"model": "placecore.photoprovisory", "pk": 9, "fields": {"photo": "place/photoprovisory/WWW.YTS.AG_GanmWyo.jpg"}}, {"model": "placecore.photoprovisory", "pk": 10, "fields": {"photo": "place/photoprovisory/WWW.YTS.AG_OFWqETR.jpg"}}, {"model": "placecore.photoprovisory", "pk": 11, "fields": {"photo": "place/photoprovisory/WWW.YTS.AG_2Ffy6Ay.jpg"}}, {"model": "placecore.photoprovisory", "pk": 12, "fields": {"photo": "place/photoprovisory/WWW.YTS.AG_fJOvRpn.jpg"}}, {"model": "placecore.photoprovisory", "pk": 13, "fields": {"photo": "place/photoprovisory/WWW.YTS.AG_7STE3Wq.jpg"}}, {"model": "placecore.photoprovisory", "pk": 14, "fields": {"photo": "place/photoprovisory/WWW.YTS.AG_ZKdEb77.jpg"}}, {"model": "placecore.photoprovisory", "pk": 15, "fields": {"photo": "place/photoprovisory/WWW.YTS.AG_XBwo1ju.jpg"}}, {"model": "placecore.photoprovisory", "pk": 16, "fields": {"photo": "place/photoprovisory/WWW.YTS.AG_fh17ldC.jpg"}}, {"model": "placecore.photoprovisory", "pk": 17, "fields": {"photo": "place/photoprovisory/WWW.YTS.AG_9hZtIAw.jpg"}}, {"model": "placecore.photoprovisory", "pk": 18, "fields": {"photo": "place/photoprovisory/WWW.YTS.AG_Fx9cVXY.jpg"}}, {"model": "placecore.photoprovisory", "pk": 19, "fields": {"photo": "place/photoprovisory/WWW.YTS.AG_s9DRfZI.jpg"}}, {"model": "placecore.photoprovisory", "pk": 20, "fields": {"photo": "place/photoprovisory/WWW.YTS.AG_hX1CMVr.jpg"}}, {"model": "placecore.photoprovisory", "pk": 21, "fields": {"photo": "place/photoprovisory/WWW.YTS.AG_f5RTENM.jpg"}}, {"model": "placecore.photoprovisory", "pk": 22, "fields": {"photo": "place/photoprovisory/WWW.YTS.AG_CYKeHUp.jpg"}}, {"model": "placecore.photoprovisory", "pk": 23, "fields": {"photo": "place/photoprovisory/WWW.YTS.AG_OLXXTd6.jpg"}}, {"model": "placecore.photoprovisory", "pk": 24, "fields": {"photo": "place/photoprovisory/WWW.YTS.AG_N1ehk3m.jpg"}}, {"model": "placecore.photoprovisory", "pk": 25, "fields": {"photo": "place/photoprovisory/WWW.YTS.AG_jbC1DKP.jpg"}}, {"model": "placecore.photoprovisory", "pk": 26, "fields": {"photo": "place/photoprovisory/standing-up-man-_1.png"}}, {"model": "placecore.photoprovisory", "pk": 27, "fields": {"photo": "place/photoprovisory/Logo-123-final-02.png"}}, {"model": "placecore.photoprovisory", "pk": 28, "fields": {"photo": "place/photoprovisory/WhatsApp_Image_2018-06-25_at_19.32.25.jpeg"}}, {"model": "placecore.photoprovisory", "pk": 29, "fields": {"photo": "place/photoprovisory/standing-up-man-_1_WpPqbEf.png"}}, {"model": "placecore.photoprovisory", "pk": 30, "fields": {"photo": "place/photoprovisory/WhatsApp_Image_2018-06-25_at_21.37.55_xSPw0Ek.jpeg"}}, {"model": "placecore.photoprovisory", "pk": 31, "fields": {"photo": "place/photoprovisory/WhatsApp_Image_2018-06-25_at_19.32.09.jpeg"}}, {"model": "placecore.photoprovisory", "pk": 32, "fields": {"photo": "place/photoprovisory/Logo-123-final-02_ifYWGJi.png"}}, {"model": "placecore.photoprovisory", "pk": 33, "fields": {"photo": "place/photoprovisory/standing-up-man-_1_tiXwQz1.png"}}, {"model": "placecore.photoprovisory", "pk": 34, "fields": {"photo": "place/photoprovisory/WhatsApp_Image_2018-06-25_at_21.37.55_yQUXDCQ.jpeg"}}, {"model": "placecore.photoprovisory", "pk": 35, "fields": {"photo": "place/photoprovisory/Logo-123-final-02_zmFw1wX.png"}}, {"model": "placecore.photoprovisory", "pk": 36, "fields": {"photo": "place/photoprovisory/standing-up-man-_1_bT3MHqw.png"}}, {"model": "placecore.photoprovisory", "pk": 37, "fields": {"photo": "place/photoprovisory/WhatsApp_Image_2018-06-25_at_21.37.55_1qGYLnd.jpeg"}}, {"model": "placecore.photoprovisory", "pk": 38, "fields": {"photo": "place/photoprovisory/Logo-123-final-02_gwvfC8y.png"}}, {"model": "placecore.photoprovisory", "pk": 39, "fields": {"photo": "place/photoprovisory/standing-up-man-_1_FBurcQw.png"}}, {"model": "placecore.photoprovisory", "pk": 40, "fields": {"photo": "place/photoprovisory/WhatsApp_Image_2018-06-25_at_21.37.55_l12KVRp.jpeg"}}, {"model": "placecore.photoprovisory", "pk": 41, "fields": {"photo": "place/photoprovisory/standing-up-man-_1_sQQyZS2.png"}}, {"model": "placecore.photoprovisory", "pk": 42, "fields": {"photo": "place/photoprovisory/WhatsApp_Image_2018-06-25_at_21.37.55_7YpgOcB.jpeg"}}, {"model": "placecore.photoprovisory", "pk": 43, "fields": {"photo": "place/photoprovisory/WhatsApp_Image_2018-06-25_at_19.32.09_6upbxs3.jpeg"}}, {"model": "placecore.photoprovisory", "pk": 44, "fields": {"photo": "place/photoprovisory/Logo-123-final-02_XMtCZ83.png"}}, {"model": "placecore.photoprovisory", "pk": 45, "fields": {"photo": "place/photoprovisory/standing-up-man-_1_tLpOQBb.png"}}, {"model": "placecore.photoprovisory", "pk": 46, "fields": {"photo": "place/photoprovisory/WhatsApp_Image_2018-06-25_at_21.37.55_HUx43Fr.jpeg"}}, {"model": "placecore.photoprovisory", "pk": 47, "fields": {"photo": "place/photoprovisory/Logo-123-final-02_L3CuJVN.png"}}, {"model": "placecore.photoprovisory", "pk": 48, "fields": {"photo": "place/photoprovisory/standing-up-man-_1_DytDJzc.png"}}, {"model": "placecore.photoprovisory", "pk": 49, "fields": {"photo": "place/photoprovisory/WhatsApp_Image_2018-06-25_at_21.37.55_NyJw1kX.jpeg"}}, {"model": "placecore.photoprovisory", "pk": 50, "fields": {"photo": "place/photoprovisory/Logo-123-final-02_lh7yT48.png"}}, {"model": "placecore.photoprovisory", "pk": 51, "fields": {"photo": "place/photoprovisory/standing-up-man-_1_VU7Vry8.png"}}, {"model": "placecore.photoprovisory", "pk": 52, "fields": {"photo": "place/photoprovisory/WhatsApp_Image_2018-06-25_at_21.37.55_qJ2ft7V.jpeg"}}, {"model": "placecore.photoprovisory", "pk": 53, "fields": {"photo": "place/photoprovisory/Logo-123-final-02_8IRtglG.png"}}, {"model": "placecore.photoprovisory", "pk": 54, "fields": {"photo": "place/photoprovisory/standing-up-man-_1_3JvAkon.png"}}, {"model": "placecore.photoprovisory", "pk": 55, "fields": {"photo": "place/photoprovisory/WhatsApp_Image_2018-06-25_at_21.37.55_xkc2fxs.jpeg"}}, {"model": "placecore.photoprovisory", "pk": 56, "fields": {"photo": "place/photoprovisory/Logo-123-final-02_CE4xz8a.png"}}, {"model": "placecore.photoprovisory", "pk": 57, "fields": {"photo": "place/photoprovisory/standing-up-man-_1_sWlOIqL.png"}}, {"model": "placecore.photoprovisory", "pk": 58, "fields": {"photo": "place/photoprovisory/WhatsApp_Image_2018-06-25_at_21.37.55_kuohaMI.jpeg"}}, {"model": "placecore.photoprovisory", "pk": 59, "fields": {"photo": "place/photoprovisory/Logo-123-final-02_BvJBkT7.png"}}, {"model": "placecore.photoprovisory", "pk": 60, "fields": {"photo": "place/photoprovisory/standing-up-man-_1_SRoW83a.png"}}, {"model": "placecore.photoprovisory", "pk": 61, "fields": {"photo": "place/photoprovisory/WhatsApp_Image_2018-06-25_at_21.37.55_IjS6cEN.jpeg"}}, {"model": "placecore.photoprovisory", "pk": 62, "fields": {"photo": "place/photoprovisory/Logo-123-final-02_tQgORCL.png"}}, {"model": "placecore.photoprovisory", "pk": 63, "fields": {"photo": "place/photoprovisory/standing-up-man-_1_ILPbCY4.png"}}, {"model": "placecore.photoprovisory", "pk": 64, "fields": {"photo": "place/photoprovisory/WhatsApp_Image_2018-06-25_at_21.37.55_N4oa9mX.jpeg"}}, {"model": "placecore.photoprovisory", "pk": 65, "fields": {"photo": "place/photoprovisory/Logo-123-final-02_VaVBffv.png"}}, {"model": "placecore.photoprovisory", "pk": 66, "fields": {"photo": "place/photoprovisory/standing-up-man-_1_fREYLjy.png"}}, {"model": "placecore.photoprovisory", "pk": 67, "fields": {"photo": "place/photoprovisory/WhatsApp_Image_2018-06-25_at_21.37.55_ioHewke.jpeg"}}, {"model": "placecore.photoprovisory", "pk": 68, "fields": {"photo": "place/photoprovisory/Logo-123-final-02_PmGWrDN.png"}}, {"model": "placecore.photoprovisory", "pk": 69, "fields": {"photo": "place/photoprovisory/standing-up-man-_1_grjj0uy.png"}}, {"model": "placecore.photoprovisory", "pk": 70, "fields": {"photo": "place/photoprovisory/WhatsApp_Image_2018-06-25_at_21.37.55_Y0wMDMd.jpeg"}}, {"model": "placecore.photoprovisory", "pk": 71, "fields": {"photo": "place/photoprovisory/Logo-123-final-02_h37XOCO.png"}}, {"model": "placecore.photoprovisory", "pk": 72, "fields": {"photo": "place/photoprovisory/standing-up-man-_1_1GT2YIU.png"}}, {"model": "placecore.photoprovisory", "pk": 73, "fields": {"photo": "place/photoprovisory/WhatsApp_Image_2018-06-25_at_21.37.55_TI8iPAu.jpeg"}}, {"model": "placecore.photoprovisory", "pk": 74, "fields": {"photo": "place/photoprovisory/Logo-123-final-02_hs8Ouhc.png"}}, {"model": "placecore.photoprovisory", "pk": 75, "fields": {"photo": "place/photoprovisory/standing-up-man-_1_C0nTecf.png"}}, {"model": "placecore.photoprovisory", "pk": 76, "fields": {"photo": "place/photoprovisory/WhatsApp_Image_2018-06-25_at_21.37.55_ZhR76JT.jpeg"}}, {"model": "placecore.photoprovisory", "pk": 77, "fields": {"photo": "place/photoprovisory/Logo-123-final-02_vUZTHIt.png"}}, {"model": "placecore.photoprovisory", "pk": 78, "fields": {"photo": "place/photoprovisory/standing-up-man-_1_MFR791M.png"}}, {"model": "placecore.photoprovisory", "pk": 79, "fields": {"photo": "place/photoprovisory/WhatsApp_Image_2018-06-25_at_21.37.55_bYcYyh1.jpeg"}}, {"model": "placecore.photoprovisory", "pk": 80, "fields": {"photo": "place/photoprovisory/Logo-123-final-02_w28Irk1.png"}}, {"model": "placecore.photoprovisory", "pk": 81, "fields": {"photo": "place/photoprovisory/standing-up-man-_1_MCyNtcm.png"}}, {"model": "placecore.photoprovisory", "pk": 82, "fields": {"photo": "place/photoprovisory/WhatsApp_Image_2018-06-25_at_21.37.55_SukYfIr.jpeg"}}, {"model": "placecore.photoprovisory", "pk": 83, "fields": {"photo": "place/photoprovisory/Logo-123-final-02_uKrPhjJ.png"}}, {"model": "placecore.photoprovisory", "pk": 84, "fields": {"photo": "place/photoprovisory/standing-up-man-_1_WsPyO95.png"}}, {"model": "placecore.photoprovisory", "pk": 85, "fields": {"photo": "place/photoprovisory/WhatsApp_Image_2018-06-25_at_21.37.55_lzTVnDH.jpeg"}}, {"model": "placecore.photoprovisory", "pk": 86, "fields": {"photo": "place/photoprovisory/Logo-123-final-02_qzjHxq8.png"}}, {"model": "placecore.photoprovisory", "pk": 87, "fields": {"photo": "place/photoprovisory/standing-up-man-_1_9UyuXwD.png"}}, {"model": "placecore.photoprovisory", "pk": 88, "fields": {"photo": "place/photoprovisory/WhatsApp_Image_2018-06-25_at_21.37.55_324thDE.jpeg"}}, {"model": "placecore.photoprovisory", "pk": 89, "fields": {"photo": "place/photoprovisory/Logo-123-final-02_fFtP3Ls.png"}}, {"model": "placecore.photoprovisory", "pk": 90, "fields": {"photo": "place/photoprovisory/standing-up-man-_1_Ec08bcX.png"}}, {"model": "placecore.photoprovisory", "pk": 91, "fields": {"photo": "place/photoprovisory/WhatsApp_Image_2018-06-25_at_21.37.55_KnGFh2a.jpeg"}}, {"model": "placecore.photoprovisory", "pk": 92, "fields": {"photo": "place/photoprovisory/Logo-123-final-02_pIBjptR.png"}}, {"model": "placecore.photoprovisory", "pk": 93, "fields": {"photo": "place/photoprovisory/standing-up-man-_1_BCO6ByD.png"}}, {"model": "placecore.photoprovisory", "pk": 94, "fields": {"photo": "place/photoprovisory/WhatsApp_Image_2018-06-25_at_21.37.55_q6vZlzC.jpeg"}}, {"model": "placecore.photoprovisory", "pk": 95, "fields": {"photo": "place/photoprovisory/Logo-123-final-02_C4MAYqV.png"}}, {"model": "placecore.photoprovisory", "pk": 96, "fields": {"photo": "place/photoprovisory/standing-up-man-_1_5xD7sRi.png"}}, {"model": "placecore.photoprovisory", "pk": 97, "fields": {"photo": "place/photoprovisory/WhatsApp_Image_2018-06-25_at_21.37.55_D8NUQIk.jpeg"}}, {"model": "placecore.photoprovisory", "pk": 98, "fields": {"photo": "place/photoprovisory/Logo-123-final-02_mhI0q2M.png"}}, {"model": "placecore.photoprovisory", "pk": 99, "fields": {"photo": "place/photoprovisory/standing-up-man-_1_EMr1228.png"}}, {"model": "placecore.photoprovisory", "pk": 100, "fields": {"photo": "place/photoprovisory/WhatsApp_Image_2018-06-25_at_21.37.55_MwEUrhs.jpeg"}}, {"model": "placecore.photoprovisory", "pk": 101, "fields": {"photo": "place/photoprovisory/Logo-123-final-02_6ziWKVv.png"}}, {"model": "placecore.photoprovisory", "pk": 102, "fields": {"photo": "place/photoprovisory/standing-up-man-_1_Fxosz3t.png"}}, {"model": "placecore.photoprovisory", "pk": 103, "fields": {"photo": "place/photoprovisory/WhatsApp_Image_2018-06-25_at_21.37.55_tt5m26l.jpeg"}}, {"model": "placecore.photoprovisory", "pk": 104, "fields": {"photo": "place/photoprovisory/Logo-123-final-02_U1QZ90T.png"}}, {"model": "placecore.photoprovisory", "pk": 105, "fields": {"photo": "place/photoprovisory/standing-up-man-_1_vyWYYg5.png"}}, {"model": "placecore.photoprovisory", "pk": 106, "fields": {"photo": "place/photoprovisory/WhatsApp_Image_2018-06-25_at_21.37.55_Ybmr34t.jpeg"}}, {"model": "placecore.photoprovisory", "pk": 107, "fields": {"photo": "place/photoprovisory/Logo-123-final-02_Vjj8F2Y.png"}}, {"model": "placecore.photoprovisory", "pk": 108, "fields": {"photo": "place/photoprovisory/standing-up-man-_1_6Il4QsI.png"}}, {"model": "placecore.photoprovisory", "pk": 109, "fields": {"photo": "place/photoprovisory/WhatsApp_Image_2018-06-25_at_21.37.55_4dLyIS6.jpeg"}}, {"model": "placecore.photoprovisory", "pk": 110, "fields": {"photo": "place/photoprovisory/Logo-123-final-02_HFYa1wA.png"}}, {"model": "placecore.photoprovisory", "pk": 111, "fields": {"photo": "place/photoprovisory/standing-up-man-_1_n5qq2Y8.png"}}, {"model": "placecore.photoprovisory", "pk": 112, "fields": {"photo": "place/photoprovisory/WhatsApp_Image_2018-06-25_at_21.37.55_6IAeESG.jpeg"}}, {"model": "placecore.photoprovisory", "pk": 113, "fields": {"photo": "place/photoprovisory/Logo-123-final-02_BFWxtfd.png"}}, {"model": "placecore.photoprovisory", "pk": 114, "fields": {"photo": "place/photoprovisory/standing-up-man-_1_DNvGPNQ.png"}}, {"model": "placecore.photoprovisory", "pk": 115, "fields": {"photo": "place/photoprovisory/WhatsApp_Image_2018-06-25_at_21.37.55_XNGgvE4.jpeg"}}, {"model": "placecore.photoprovisory", "pk": 116, "fields": {"photo": "place/photoprovisory/WWW.YTS.RE_1qeadxp.jpg"}}, {"model": "placecore.photoprovisory", "pk": 117, "fields": {"photo": "place/photoprovisory/WWW.YTS.RE_n570RHe.jpg"}}, {"model": "placecore.photoprovisory", "pk": 118, "fields": {"photo": "place/photoprovisory/WWW.YTS.RE_DZyEcpu.jpg"}}, {"model": "placecore.photoprovisory", "pk": 119, "fields": {"photo": "place/photoprovisory/WWW.YTS.RE_FzOuipM.jpg"}}, {"model": "placecore.photoprovisory", "pk": 120, "fields": {"photo": "place/photoprovisory/WWW.YTS.RE_BDP9iXe.jpg"}}, {"model": "placecore.photoprovisory", "pk": 121, "fields": {"photo": "place/photoprovisory/Logo-123-final-02_T773qaC.png"}}, {"model": "placecore.photoprovisory", "pk": 122, "fields": {"photo": "place/photoprovisory/standing-up-man-_1_BVHFsqF.png"}}, {"model": "placecore.photoprovisory", "pk": 123, "fields": {"photo": "place/photoprovisory/Logo-123-final-02_pgRAAVE.png"}}, {"model": "placecore.photoprovisory", "pk": 124, "fields": {"photo": "place/photoprovisory/Logo-123-final-02_1jbP8gV.png"}}, {"model": "placecore.photoprovisory", "pk": 125, "fields": {"photo": "place/photoprovisory/WWW.YTS.RE_NiTIoeW.jpg"}}, {"model": "placecore.photoprovisory", "pk": 126, "fields": {"photo": "place/photoprovisory/WWW.YTS.RE_7phIFew.jpg"}}, {"model": "placecore.photoprovisory", "pk": 127, "fields": {"photo": "place/photoprovisory/Logo-123-final-02_oiqqYK5.png"}}, {"model": "placecore.photoprovisory", "pk": 128, "fields": {"photo": "place/photoprovisory/Logo-123-final-02_3dC2OBm.png"}}, {"model": "placecore.photoprovisory", "pk": 129, "fields": {"photo": "place/photoprovisory/standing-up-man-_1_hkQ7u1n.png"}}, {"model": "placecore.photoprovisory", "pk": 130, "fields": {"photo": "place/photoprovisory/WhatsApp_Image_2018-06-25_at_21.37.55_2iFMaSE.jpeg"}}, {"model": "placecore.photoprovisory", "pk": 131, "fields": {"photo": "place/photoprovisory/WWW.YTS.RE_4z4Mweo.jpg"}}, {"model": "placecore.photoprovisory", "pk": 132, "fields": {"photo": "place/photoprovisory/Logo-123-final-02_FcYtZMb.png"}}, {"model": "placecore.photoprovisory", "pk": 133, "fields": {"photo": "place/photoprovisory/standing-up-man-_1_8Y5M51J.png"}}, {"model": "placecore.photoprovisory", "pk": 134, "fields": {"photo": "place/photoprovisory/WhatsApp_Image_2018-06-25_at_21.37.55_ZC5LJcC.jpeg"}}, {"model": "placecore.photoprovisory", "pk": 135, "fields": {"photo": "place/photoprovisory/Logo-123-final-02_ilCERcf.png"}}, {"model": "placecore.photoprovisory", "pk": 136, "fields": {"photo": "place/photoprovisory/standing-up-man-_1_YiiHOch.png"}}, {"model": "placecore.photoprovisory", "pk": 137, "fields": {"photo": "place/photoprovisory/WhatsApp_Image_2018-06-25_at_21.37.55_1297jJm.jpeg"}}, {"model": "placecore.photoprovisory", "pk": 138, "fields": {"photo": "place/photoprovisory/Logo-123-final-02_BBqEg9a.png"}}, {"model": "placecore.photoprovisory", "pk": 139, "fields": {"photo": "place/photoprovisory/standing-up-man-_1_g0MmCkc.png"}}, {"model": "placecore.photoprovisory", "pk": 140, "fields": {"photo": "place/photoprovisory/WhatsApp_Image_2018-06-25_at_21.37.55_XXhAvcM.jpeg"}}, {"model": "placecore.photoprovisory", "pk": 141, "fields": {"photo": "place/photoprovisory/Logo-123-final-02_SAqQNes.png"}}, {"model": "placecore.photoprovisory", "pk": 142, "fields": {"photo": "place/photoprovisory/Logo-123-final-02_fFCBp4l.png"}}, {"model": "placecore.photoprovisory", "pk": 143, "fields": {"photo": "place/photoprovisory/Logo-123-final-02_AyuUY7d.png"}}, {"model": "placecore.photoprovisory", "pk": 144, "fields": {"photo": "place/photoprovisory/Logo-123-final-02_aMiv3Q3.png"}}, {"model": "placecore.photoprovisory", "pk": 145, "fields": {"photo": "place/photoprovisory/Logo-123-final-02_MorYZJP.png"}}, {"model": "placecore.photoprovisory", "pk": 146, "fields": {"photo": "place/photoprovisory/standing-up-man-_1_2TevjUg.png"}}, {"model": "placecore.photoprovisory", "pk": 147, "fields": {"photo": "place/photoprovisory/WhatsApp_Image_2018-06-25_at_21.37.55_4RZ0Onp.jpeg"}}, {"model": "placecore.photoprovisory", "pk": 148, "fields": {"photo": "place/photoprovisory/Logo-123-final-02_uS6s5Wd.png"}}, {"model": "placecore.photoprovisory", "pk": 149, "fields": {"photo": "place/photoprovisory/Logo-123-final-02_n1V5jlj.png"}}, {"model": "placecore.photoprovisory", "pk": 150, "fields": {"photo": "place/photoprovisory/Logo-123-final-02_GoCftuF.png"}}, {"model": "placecore.photoprovisory", "pk": 151, "fields": {"photo": "place/photoprovisory/Logo-123-final-02_iNrD3Vh.png"}}, {"model": "placecore.photoprovisory", "pk": 152, "fields": {"photo": "place/photoprovisory/Logo-123-final-02_KNSG5VG.png"}}, {"model": "placecore.photoprovisory", "pk": 153, "fields": {"photo": "place/photoprovisory/Logo-123-final-02_WUzCiWP.png"}}, {"model": "placecore.photoprovisory", "pk": 154, "fields": {"photo": "place/photoprovisory/standing-up-man-_1_lVOPwgM.png"}}, {"model": "placecore.photoprovisory", "pk": 155, "fields": {"photo": "place/photoprovisory/standing-up-man-_1_3a6b2Qd.png"}}, {"model": "placecore.photoprovisory", "pk": 156, "fields": {"photo": "place/photoprovisory/Logo-123-final-02_eJ13VMz.png"}}, {"model": "placecore.photoprovisory", "pk": 157, "fields": {"photo": "place/photoprovisory/standing-up-man-_1_0sPe4kq.png"}}, {"model": "placecore.photoprovisory", "pk": 158, "fields": {"photo": "place/photoprovisory/standing-up-man-_1_dvPvOrF.png"}}, {"model": "placecore.photoprovisory", "pk": 159, "fields": {"photo": "place/photoprovisory/Logo-123-final-02_txvHoO3.png"}}, {"model": "placecore.photoprovisory", "pk": 160, "fields": {"photo": "place/photoprovisory/standing-up-man-_1_2jaw9de.png"}}, {"model": "placecore.photoprovisory", "pk": 161, "fields": {"photo": "place/photoprovisory/WhatsApp_Image_2018-06-25_at_21.37.55_Zb3tOo9.jpeg"}}, {"model": "placecore.photoprovisory", "pk": 162, "fields": {"photo": "place/photoprovisory/Logo-123-final-02_wobbvCh.png"}}, {"model": "placecore.photoprovisory", "pk": 163, "fields": {"photo": "place/photoprovisory/standing-up-man-_1_VRHEvCr.png"}}, {"model": "placecore.photoprovisory", "pk": 164, "fields": {"photo": "place/photoprovisory/WhatsApp_Image_2018-06-25_at_21.37.55_3V7lQVL.jpeg"}}, {"model": "placecore.photoprovisory", "pk": 165, "fields": {"photo": "place/photoprovisory/Logo-123-final-02_iMM37tN.png"}}, {"model": "placecore.photoprovisory", "pk": 166, "fields": {"photo": "place/photoprovisory/standing-up-man-_1_VWuINC1.png"}}, {"model": "placecore.photoprovisory", "pk": 167, "fields": {"photo": "place/photoprovisory/WhatsApp_Image_2018-06-25_at_21.37.55_84tsq77.jpeg"}}, {"model": "placecore.photoprovisory", "pk": 168, "fields": {"photo": "place/photoprovisory/Logo-123-final-02_xqhsv4M.png"}}, {"model": "placecore.photoprovisory", "pk": 169, "fields": {"photo": "place/photoprovisory/Logo-123-final-02_jXCFtQd.png"}}, {"model": "placecore.photoprovisory", "pk": 170, "fields": {"photo": "place/photoprovisory/standing-up-man-_1_gRSvssV.png"}}, {"model": "placecore.photoprovisory", "pk": 171, "fields": {"photo": "place/photoprovisory/standing-up-man-.png"}}, {"model": "placecore.photoprovisory", "pk": 172, "fields": {"photo": "place/photoprovisory/Logo-123-final-02_cGo42JG.png"}}, {"model": "placecore.photoprovisory", "pk": 173, "fields": {"photo": "place/photoprovisory/standing-up-man-_1_9C9BiUb.png"}}, {"model": "placecore.photoprovisory", "pk": 174, "fields": {"photo": "place/photoprovisory/WhatsApp_Image_2018-06-25_at_21.37.55_zgPXOMz.jpeg"}}, {"model": "placecore.photoprovisory", "pk": 175, "fields": {"photo": "place/photoprovisory/standing-up-man-_1_dABDUkd.png"}}, {"model": "placecore.photoprovisory", "pk": 176, "fields": {"photo": "place/photoprovisory/Logo-123-final-02_2Plledw.png"}}, {"model": "placecore.photoprovisory", "pk": 177, "fields": {"photo": "place/photoprovisory/WhatsApp_Image_2018-06-29_at_08.19.32.jpeg"}}, {"model": "placecore.photoprovisory", "pk": 178, "fields": {"photo": "place/photoprovisory/standing-up-man-_1_puLXaKL.png"}}, {"model": "placecore.photoprovisory", "pk": 179, "fields": {"photo": "place/photoprovisory/1-os-melhores-brinquedos-para-buffet-infantil.jpg"}}, {"model": "placecore.photoprovisory", "pk": 180, "fields": {"photo": "place/photoprovisory/17190999_1197460547019405_7506102880640799590_n.jpg"}}, {"model": "placecore.photoprovisory", "pk": 181, "fields": {"photo": "place/photoprovisory/buffet-infantil-mundo-magico-bolinhas-2-1-700x334.jpg"}}, {"model": "placecore.photoprovisory", "pk": 182, "fields": {"photo": "place/photoprovisory/conjmesacadeiras-para-buffet-infantil-em-aluminiofibras-D_NQ_NP_887_5wyXgyN.jpg"}}, {"model": "placecore.photoprovisory", "pk": 183, "fields": {"photo": "place/photoprovisory/download_1.jpg"}}, {"model": "placecore.photoprovisory", "pk": 184, "fields": {"photo": "place/photoprovisory/download_2.jpg"}}, {"model": "placecore.photoprovisory", "pk": 185, "fields": {"photo": "place/photoprovisory/download_3.jpg"}}, {"model": "placecore.photoprovisory", "pk": 186, "fields": {"photo": "place/photoprovisory/download_4.jpg"}}, {"model": "placecore.photoprovisory", "pk": 187, "fields": {"photo": "place/photoprovisory/download_5.jpg"}}, {"model": "placecore.photoprovisory", "pk": 188, "fields": {"photo": "place/photoprovisory/download.jpg"}}, {"model": "placecore.placephoto", "pk": 1, "fields": {"place": 10, "photo": 179}}, {"model": "placecore.placephoto", "pk": 2, "fields": {"place": 9, "photo": 180}}, {"model": "placecore.placephoto", "pk": 3, "fields": {"place": 8, "photo": 181}}, {"model": "placecore.placephoto", "pk": 4, "fields": {"place": 7, "photo": 182}}, {"model": "placecore.placephoto", "pk": 5, "fields": {"place": 6, "photo": 183}}, {"model": "placecore.placephoto", "pk": 6, "fields": {"place": 5, "photo": 184}}, {"model": "placecore.placephoto", "pk": 7, "fields": {"place": 4, "photo": 185}}, {"model": "placecore.placephoto", "pk": 8, "fields": {"place": 3, "photo": 186}}, {"model": "placecore.placephoto", "pk": 9, "fields": {"place": 2, "photo": 187}}, {"model": "placecore.placephoto", "pk": 10, "fields": {"place": 1, "photo": 188}}, {"model": "buyerprofile.buyerprofile", "pk": 1, "fields": {"user": 2, "name": "Christian Comprador", "birthday": "2018-07-19", "cellphone": "11971520091", "gender": "Masculino", "civil_status": "Solteirpo", "is_active": true, "key": null, "email": "christian.hukai@gmail.com", "creation": "2018-07-19T01:49:29.949Z"}}, {"model": "sellerprofile.sellerprofile", "pk": 1, "fields": {"user": 1, "creation": "2018-07-08T01:56:16.907Z", "name": "Chris Vendedor", "email": "christian.hukai@gmail.com", "cpf": "408.570.728-03", "cnpj": "58.812.631/0001-95", "is_active": true, "key": null}}]