[{"model": "contenttypes.contenttype", "pk": 1, "fields": {"app_label": "admin", "model": "logentry"}}, {"model": "contenttypes.contenttype", "pk": 2, "fields": {"app_label": "auth", "model": "permission"}}, {"model": "contenttypes.contenttype", "pk": 3, "fields": {"app_label": "auth", "model": "group"}}, {"model": "contenttypes.contenttype", "pk": 4, "fields": {"app_label": "auth", "model": "user"}}, {"model": "contenttypes.contenttype", "pk": 5, "fields": {"app_label": "contenttypes", "model": "contenttype"}}, {"model": "contenttypes.contenttype", "pk": 6, "fields": {"app_label": "sessions", "model": "session"}}, {"model": "contenttypes.contenttype", "pk": 7, "fields": {"app_label": "placecore", "model": "photoprovisory"}}, {"model": "contenttypes.contenttype", "pk": 8, "fields": {"app_label": "placecore", "model": "place"}}, {"model": "contenttypes.contenttype", "pk": 9, "fields": {"app_label": "placecore", "model": "placeadditionalinformation"}}, {"model": "contenttypes.contenttype", "pk": 10, "fields": {"app_label": "placecore", "model": "placephoto"}}, {"model": "contenttypes.contenttype", "pk": 11, "fields": {"app_label": "placecore", "model": "placevisualization"}}, {"model": "contenttypes.contenttype", "pk": 12, "fields": {"app_label": "placereservation", "model": "placeprice"}}, {"model": "contenttypes.contenttype", "pk": 13, "fields": {"app_label": "placereservation", "model": "placereservation"}}, {"model": "contenttypes.contenttype", "pk": 14, "fields": {"app_label": "placereservation", "model": "placeunavailability"}}, {"model": "contenttypes.contenttype", "pk": 15, "fields": {"app_label": "placereview", "model": "placereview"}}, {"model": "contenttypes.contenttype", "pk": 16, "fields": {"app_label": "buyerprofile", "model": "buyerprofile"}}, {"model": "contenttypes.contenttype", "pk": 17, "fields": {"app_label": "buyerprofile", "model": "familymember"}}, {"model": "contenttypes.contenttype", "pk": 18, "fields": {"app_label": "sellerprofile", "model": "sellerprofile"}}, {"model": "contenttypes.contenttype", "pk": 19, "fields": {"app_label": "chat", "model": "message"}}, {"model": "contenttypes.contenttype", "pk": 20, "fields": {"app_label": "social_django", "model": "association"}}, {"model": "contenttypes.contenttype", "pk": 21, "fields": {"app_label": "social_django", "model": "code"}}, {"model": "contenttypes.contenttype", "pk": 22, "fields": {"app_label": "social_django", "model": "nonce"}}, {"model": "contenttypes.contenttype", "pk": 23, "fields": {"app_label": "social_django", "model": "usersocialauth"}}, {"model": "contenttypes.contenttype", "pk": 24, "fields": {"app_label": "social_django", "model": "partial"}}, {"model": "contenttypes.contenttype", "pk": 25, "fields": {"app_label": "placecore", "model": "placefeature"}}, {"model": "contenttypes.contenttype", "pk": 26, "fields": {"app_label": "buyerprofile", "model": "shoppingcart"}}, {"model": "contenttypes.contenttype", "pk": 27, "fields": {"app_label": "placecore", "model": "placeprice"}}, {"model": "contenttypes.contenttype", "pk": 28, "fields": {"app_label": "ipn", "model": "paypalipn"}}, {"model": "sessions.session", "pk": "162hfbz4o2cpvq6n1o1yrveu2vlutylz", "fields": {"session_data": "MTVhZmNjNWNiYzJhYjQ4NmJhYzMyYmQ3MTY4OTNjMDhkOWZjZTcwZjp7ImZhY2Vib29rX3N0YXRlIjoiZ3V4UllSdGFwZm5LSTd2ZHhXUHVLTkd3bmlYUHViSEcifQ==", "expire_date": "2018-11-06T19:56:20.079Z"}}, {"model": "sessions.session", "pk": "1r4yyggpvbtx5gf9551e2fbishkn5yn5", "fields": {"session_data": "YmJiM2I0ODJjNWUzMTY0NDZmMzZmODNiMTQxOGY1NmE3YmUyZTUxYTp7fQ==", "expire_date": "2018-08-18T01:17:37.595Z"}}, {"model": "sessions.session", "pk": "1uhtsrbr2mhri5oh2h3t7ch07w6y1rr9", "fields": {"session_data": "YmJiM2I0ODJjNWUzMTY0NDZmMzZmODNiMTQxOGY1NmE3YmUyZTUxYTp7fQ==", "expire_date": "2018-11-07T22:29:13.485Z"}}, {"model": "sessions.session", "pk": "3kxranznepoonpfts5qfc3i5v8wlvv7j", "fields": {"session_data": "ZjhkMWEzZjAyY2EyOGFiODgxOWViMDMyMmIyOGMyZTA4ZGNiNDUxNzp7Il9hdXRoX3VzZXJfaWQiOiIyIiwiX2F1dGhfdXNlcl9iYWNrZW5kIjoiZGphbmdvLmNvbnRyaWIuYXV0aC5iYWNrZW5kcy5Nb2RlbEJhY2tlbmQiLCJfYXV0aF91c2VyX2hhc2giOiIxMWIwNWRhNjM3YTA0NjJlOTM1OTE5NjM4NWZiMWQ5NDM0MzIwMzM2In0=", "expire_date": "2018-11-08T19:38:42.568Z"}}, {"model": "sessions.session", "pk": "8ay69irc28s1xm1cly3b8fdjenov6gb3", "fields": {"session_data": "MzkyY2U4MGQ2YzI4MzMyM2YxZTZiODljNjUzZDhhNWUxOTFmNzBmMTp7Il9hdXRoX3VzZXJfaWQiOiIxIiwiX2F1dGhfdXNlcl9iYWNrZW5kIjoiZGphbmdvLmNvbnRyaWIuYXV0aC5iYWNrZW5kcy5Nb2RlbEJhY2tlbmQiLCJfYXV0aF91c2VyX2hhc2giOiI4NmZjMjAwYjY1NThiOTZmMjBkYmExOGQxZTcxZTM2NDkxN2IwMDMwIn0=", "expire_date": "2018-08-29T11:45:41.331Z"}}, {"model": "sessions.session", "pk": "8eme9kr92qg5gjbmftab558x2wa4hvnt", "fields": {"session_data": "MzkyY2U4MGQ2YzI4MzMyM2YxZTZiODljNjUzZDhhNWUxOTFmNzBmMTp7Il9hdXRoX3VzZXJfaWQiOiIxIiwiX2F1dGhfdXNlcl9iYWNrZW5kIjoiZGphbmdvLmNvbnRyaWIuYXV0aC5iYWNrZW5kcy5Nb2RlbEJhY2tlbmQiLCJfYXV0aF91c2VyX2hhc2giOiI4NmZjMjAwYjY1NThiOTZmMjBkYmExOGQxZTcxZTM2NDkxN2IwMDMwIn0=", "expire_date": "2018-08-22T17:51:38.062Z"}}, {"model": "sessions.session", "pk": "92qlag0yk7w56aemv1uyi7bb781jg4hy", "fields": {"session_data": "MzkyY2U4MGQ2YzI4MzMyM2YxZTZiODljNjUzZDhhNWUxOTFmNzBmMTp7Il9hdXRoX3VzZXJfaWQiOiIxIiwiX2F1dGhfdXNlcl9iYWNrZW5kIjoiZGphbmdvLmNvbnRyaWIuYXV0aC5iYWNrZW5kcy5Nb2RlbEJhY2tlbmQiLCJfYXV0aF91c2VyX2hhc2giOiI4NmZjMjAwYjY1NThiOTZmMjBkYmExOGQxZTcxZTM2NDkxN2IwMDMwIn0=", "expire_date": "2018-08-24T23:34:14.987Z"}}, {"model": "sessions.session", "pk": "9fvago6oyj60q7ytd3n6o1pit8cm699x", "fields": {"session_data": "Yzg3NTdjYmU5NTU5ZGE5NGYyMDJkMmNhMzI4ODExOGE0N2QzZDllMTp7Il9hdXRoX3VzZXJfaWQiOiIyIiwiX2F1dGhfdXNlcl9iYWNrZW5kIjoiZGphbmdvLmNvbnRyaWIuYXV0aC5iYWNrZW5kcy5Nb2RlbEJhY2tlbmQiLCJfYXV0aF91c2VyX2hhc2giOiIxM2U1NjgyZTFhYWI3NTFhMTJkMTg4ZmEzNGM4ZTdjNGQwNmZmNTlkIn0=", "expire_date": "2018-12-06T06:21:50.895Z"}}, {"model": "sessions.session", "pk": "a3ww12iywudtemalota7krh5zwb7pegn", "fields": {"session_data": "ZjhkMWEzZjAyY2EyOGFiODgxOWViMDMyMmIyOGMyZTA4ZGNiNDUxNzp7Il9hdXRoX3VzZXJfaWQiOiIyIiwiX2F1dGhfdXNlcl9iYWNrZW5kIjoiZGphbmdvLmNvbnRyaWIuYXV0aC5iYWNrZW5kcy5Nb2RlbEJhY2tlbmQiLCJfYXV0aF91c2VyX2hhc2giOiIxMWIwNWRhNjM3YTA0NjJlOTM1OTE5NjM4NWZiMWQ5NDM0MzIwMzM2In0=", "expire_date": "2018-09-30T19:21:08.108Z"}}, {"model": "sessions.session", "pk": "eu3uwxuhto0dpu02iver8z54cboawt5q", "fields": {"session_data": "ZjhkMWEzZjAyY2EyOGFiODgxOWViMDMyMmIyOGMyZTA4ZGNiNDUxNzp7Il9hdXRoX3VzZXJfaWQiOiIyIiwiX2F1dGhfdXNlcl9iYWNrZW5kIjoiZGphbmdvLmNvbnRyaWIuYXV0aC5iYWNrZW5kcy5Nb2RlbEJhY2tlbmQiLCJfYXV0aF91c2VyX2hhc2giOiIxMWIwNWRhNjM3YTA0NjJlOTM1OTE5NjM4NWZiMWQ5NDM0MzIwMzM2In0=", "expire_date": "2018-09-17T16:10:38.104Z"}}, {"model": "sessions.session", "pk": "gvfcrxjbzyl0twxn3e1cs1jcuw8x9126", "fields": {"session_data": "OGUwMTQyZDE0NzJkZTQyZWIyMzAzMjk1ZjdjNzQ5YjgwOWRjZmZiNzp7Il9hdXRoX3VzZXJfaWQiOiIxIiwiX2F1dGhfdXNlcl9iYWNrZW5kIjoiZGphbmdvLmNvbnRyaWIuYXV0aC5iYWNrZW5kcy5Nb2RlbEJhY2tlbmQiLCJfYXV0aF91c2VyX2hhc2giOiI0OTgzMjNmNmNmNTk3MTY5NWI0MTVhNWI4NGI5MjJhMzdiOGYyOGU4In0=", "expire_date": "2018-12-07T02:47:17.140Z"}}, {"model": "sessions.session", "pk": "i7xost68nqr3xw7qfl6d9dtluacqn3tp", "fields": {"session_data": "MzkyY2U4MGQ2YzI4MzMyM2YxZTZiODljNjUzZDhhNWUxOTFmNzBmMTp7Il9hdXRoX3VzZXJfaWQiOiIxIiwiX2F1dGhfdXNlcl9iYWNrZW5kIjoiZGphbmdvLmNvbnRyaWIuYXV0aC5iYWNrZW5kcy5Nb2RlbEJhY2tlbmQiLCJfYXV0aF91c2VyX2hhc2giOiI4NmZjMjAwYjY1NThiOTZmMjBkYmExOGQxZTcxZTM2NDkxN2IwMDMwIn0=", "expire_date": "2018-09-10T10:36:06.867Z"}}, {"model": "sessions.session", "pk": "j7z8vjaxwaqk657inra7zufezp3bs25t", "fields": {"session_data": "YmJiM2I0ODJjNWUzMTY0NDZmMzZmODNiMTQxOGY1NmE3YmUyZTUxYTp7fQ==", "expire_date": "2018-08-18T01:17:18.131Z"}}, {"model": "sessions.session", "pk": "nexojy31as629uot7i65vrkahi5p66oy", "fields": {"session_data": "Yzg3NTdjYmU5NTU5ZGE5NGYyMDJkMmNhMzI4ODExOGE0N2QzZDllMTp7Il9hdXRoX3VzZXJfaWQiOiIyIiwiX2F1dGhfdXNlcl9iYWNrZW5kIjoiZGphbmdvLmNvbnRyaWIuYXV0aC5iYWNrZW5kcy5Nb2RlbEJhY2tlbmQiLCJfYXV0aF91c2VyX2hhc2giOiIxM2U1NjgyZTFhYWI3NTFhMTJkMTg4ZmEzNGM4ZTdjNGQwNmZmNTlkIn0=", "expire_date": "2018-12-16T00:41:00.049Z"}}, {"model": "sessions.session", "pk": "q55mzjrfvwn8j8rzpsv1dew83swbkmbo", "fields": {"session_data": "MzkyY2U4MGQ2YzI4MzMyM2YxZTZiODljNjUzZDhhNWUxOTFmNzBmMTp7Il9hdXRoX3VzZXJfaWQiOiIxIiwiX2F1dGhfdXNlcl9iYWNrZW5kIjoiZGphbmdvLmNvbnRyaWIuYXV0aC5iYWNrZW5kcy5Nb2RlbEJhY2tlbmQiLCJfYXV0aF91c2VyX2hhc2giOiI4NmZjMjAwYjY1NThiOTZmMjBkYmExOGQxZTcxZTM2NDkxN2IwMDMwIn0=", "expire_date": "2018-11-07T22:30:11.155Z"}}, {"model": "sessions.session", "pk": "qplzsvl4089zi3wykpovgdze9b41qz1b", "fields": {"session_data": "YmZhYzY0N2I4ZDIyNzVkYzYyMzMyZGJmZDFjZGZjYzAzZmYzMjUyYzp7Il9hdXRoX3VzZXJfaWQiOiIxIiwiX2F1dGhfdXNlcl9iYWNrZW5kIjoiZGphbmdvLmNvbnRyaWIuYXV0aC5iYWNrZW5kcy5Nb2RlbEJhY2tlbmQiLCJfYXV0aF91c2VyX2hhc2giOiIyYzQwNmJlMjI2NDgzZWJjNTYwNTNlNDcyYWY1YWYxZDNmNzQ2M2Q0In0=", "expire_date": "2018-08-07T02:00:00.507Z"}}, {"model": "sessions.session", "pk": "qvuzz7nz7qoz2ca0fzi7m2uteoponk44", "fields": {"session_data": "ZjhkMWEzZjAyY2EyOGFiODgxOWViMDMyMmIyOGMyZTA4ZGNiNDUxNzp7Il9hdXRoX3VzZXJfaWQiOiIyIiwiX2F1dGhfdXNlcl9iYWNrZW5kIjoiZGphbmdvLmNvbnRyaWIuYXV0aC5iYWNrZW5kcy5Nb2RlbEJhY2tlbmQiLCJfYXV0aF91c2VyX2hhc2giOiIxMWIwNWRhNjM3YTA0NjJlOTM1OTE5NjM4NWZiMWQ5NDM0MzIwMzM2In0=", "expire_date": "2018-08-10T01:09:03.935Z"}}, {"model": "sessions.session", "pk": "sn1y9jjujkc6po9iw03kcntqueklytfe", "fields": {"session_data": "MzkyY2U4MGQ2YzI4MzMyM2YxZTZiODljNjUzZDhhNWUxOTFmNzBmMTp7Il9hdXRoX3VzZXJfaWQiOiIxIiwiX2F1dGhfdXNlcl9iYWNrZW5kIjoiZGphbmdvLmNvbnRyaWIuYXV0aC5iYWNrZW5kcy5Nb2RlbEJhY2tlbmQiLCJfYXV0aF91c2VyX2hhc2giOiI4NmZjMjAwYjY1NThiOTZmMjBkYmExOGQxZTcxZTM2NDkxN2IwMDMwIn0=", "expire_date": "2018-11-23T21:24:29.820Z"}}, {"model": "sessions.session", "pk": "t2cxmu4jj9b4d80zuci7u530hr9sn4mz", "fields": {"session_data": "MzkyY2U4MGQ2YzI4MzMyM2YxZTZiODljNjUzZDhhNWUxOTFmNzBmMTp7Il9hdXRoX3VzZXJfaWQiOiIxIiwiX2F1dGhfdXNlcl9iYWNrZW5kIjoiZGphbmdvLmNvbnRyaWIuYXV0aC5iYWNrZW5kcy5Nb2RlbEJhY2tlbmQiLCJfYXV0aF91c2VyX2hhc2giOiI4NmZjMjAwYjY1NThiOTZmMjBkYmExOGQxZTcxZTM2NDkxN2IwMDMwIn0=", "expire_date": "2018-10-01T23:49:38.774Z"}}, {"model": "sessions.session", "pk": "ufjnqt67a27ok9rx7kpdgcnkj9exxi0t", "fields": {"session_data": "YmZhYzY0N2I4ZDIyNzVkYzYyMzMyZGJmZDFjZGZjYzAzZmYzMjUyYzp7Il9hdXRoX3VzZXJfaWQiOiIxIiwiX2F1dGhfdXNlcl9iYWNrZW5kIjoiZGphbmdvLmNvbnRyaWIuYXV0aC5iYWNrZW5kcy5Nb2RlbEJhY2tlbmQiLCJfYXV0aF91c2VyX2hhc2giOiIyYzQwNmJlMjI2NDgzZWJjNTYwNTNlNDcyYWY1YWYxZDNmNzQ2M2Q0In0=", "expire_date": "2018-08-18T19:06:25.370Z"}}, {"model": "sessions.session", "pk": "uq70ijmoaags7fk3q1n5hnp0wr0qaxrt", "fields": {"session_data": "MzkyY2U4MGQ2YzI4MzMyM2YxZTZiODljNjUzZDhhNWUxOTFmNzBmMTp7Il9hdXRoX3VzZXJfaWQiOiIxIiwiX2F1dGhfdXNlcl9iYWNrZW5kIjoiZGphbmdvLmNvbnRyaWIuYXV0aC5iYWNrZW5kcy5Nb2RlbEJhY2tlbmQiLCJfYXV0aF91c2VyX2hhc2giOiI4NmZjMjAwYjY1NThiOTZmMjBkYmExOGQxZTcxZTM2NDkxN2IwMDMwIn0=", "expire_date": "2018-08-23T20:05:29.326Z"}}, {"model": "sessions.session", "pk": "x6k7pmk2w64vfrl4isuaqt59ri3rjtcu", "fields": {"session_data": "YmZhYzY0N2I4ZDIyNzVkYzYyMzMyZGJmZDFjZGZjYzAzZmYzMjUyYzp7Il9hdXRoX3VzZXJfaWQiOiIxIiwiX2F1dGhfdXNlcl9iYWNrZW5kIjoiZGphbmdvLmNvbnRyaWIuYXV0aC5iYWNrZW5kcy5Nb2RlbEJhY2tlbmQiLCJfYXV0aF91c2VyX2hhc2giOiIyYzQwNmJlMjI2NDgzZWJjNTYwNTNlNDcyYWY1YWYxZDNmNzQ2M2Q0In0=", "expire_date": "2018-08-16T00:46:23.779Z"}}, {"model": "placecore.place", "pk": 1, "fields": {"creation": "2018-07-18T16:03:02.576Z", "modified": "2018-09-02T00:08:57.223Z", "relevance": 0.0, "feature": 0.0, "is_authorized_by_admin": true, "has_finished_basic": true, "is_active": false, "has_finished_payment": true, "name": "Exemplo10", "address": "Alto de Pinheiros, S\u00e3o Paulo - SP, Brasil", "description": "Cras hendrerit urna risus, convallis facilisis lacus rhoncus quis.", "capacity": 123, "video": "https://www.youtube.com/embed/-oD7B7oiBtw", "children_rides": "[]", "decoration": "[\"['Power Ranger', 'Pokemon']\"]", "menu": "", "period_soon_begin": "23:34:30.333", "period_soon_end": "23:34:30.333", "period_late_begin": "23:34:30.333", "period_late_end": "23:34:30.333", "sellerprofile": 1, "lat": -23.5500827, "lng": -46.6540044}}, {"model": "placecore.place", "pk": 2, "fields": {"creation": "2018-07-18T16:03:07.376Z", "modified": "2018-11-03T05:03:18.530Z", "relevance": 0.0, "feature": 7.02134755522372, "is_authorized_by_admin": true, "has_finished_basic": true, "is_active": true, "has_finished_payment": true, "name": "Exemplo9", "address": "Rua dos Pinheiros - Pinheiros, S\u00e3o Paulo - SP, Brasil", "description": "Exemplo", "capacity": 123, "video": "https://www.youtube.com/embed/VIDmMoSeG30", "children_rides": "[]", "decoration": "[]", "menu": "", "period_soon_begin": "23:34:30.333", "period_soon_end": "23:34:30.333", "period_late_begin": "23:34:30.333", "period_late_end": "23:34:30.333", "sellerprofile": 1, "lat": -23.5666985, "lng": -46.6853988}}, {"model": "placecore.place", "pk": 3, "fields": {"creation": "2018-07-18T16:03:09.954Z", "modified": "2018-09-02T00:14:43.092Z", "relevance": 0.0, "feature": 0.0, "is_authorized_by_admin": true, "has_finished_basic": false, "is_active": true, "has_finished_payment": true, "name": "Exemplo8", "address": "Exemplo", "description": "Exemplo", "capacity": 123, "video": "Exemplo", "children_rides": "[]", "decoration": "[]", "menu": "", "period_soon_begin": "23:34:30.333", "period_soon_end": "23:34:30.333", "period_late_begin": "23:34:30.333", "period_late_end": "23:34:30.333", "sellerprofile": 1, "lat": 123.0, "lng": 123.0}}, {"model": "placecore.place", "pk": 4, "fields": {"creation": "2018-07-18T16:03:12.130Z", "modified": "2018-11-03T05:03:18.622Z", "relevance": 0.0, "feature": 4.35561658634118e-35, "is_authorized_by_admin": true, "has_finished_basic": true, "is_active": true, "has_finished_payment": true, "name": "Circo M\u00e1gico Buffet Infantil", "address": "Alto de Pinheiros, S\u00e3o Paulo - SP, Brasil", "description": "Lorem ipsum dolor sit amet, consectetur adipiscing elit. Maecenas laoreet lectus sem, sed volutpat ante luctus sed. Suspendisse ut varius urna. Cras luctus tellus dapibus quam finibus, at fringilla sapien lacinia. Aenean mauris elit, luctus id malesuada nec, volutpat eget est. Fusce fermentum viverra auctor. Maecenas commodo sapien in convallis finibus. Vestibulum tempus libero consectetur dolor condimentum, ut vestibulum purus pretium. Curabitur semper at neque convallis vestibulum. Vestibulum scelerisque", "capacity": 123, "video": "https://www.youtube.com/embed/niqrrmev4mA", "children_rides": "[]", "decoration": "[]", "menu": "", "period_soon_begin": "23:34:30.333", "period_soon_end": "23:34:30.333", "period_late_begin": "23:34:30.333", "period_late_end": "23:34:30.333", "sellerprofile": 1, "lat": -23.5537093, "lng": -46.7088347}}, {"model": "placecore.place", "pk": 5, "fields": {"creation": "2018-07-18T16:03:14.020Z", "modified": "2018-11-03T05:03:18.540Z", "relevance": 0.0, "feature": 0.0, "is_authorized_by_admin": true, "has_finished_basic": true, "is_active": true, "has_finished_payment": true, "name": "Exemplo6", "address": "Rua Treze de Maio - Bela Vista, S\u00e3o Paulo - SP, Brasil", "description": "Exemplo", "capacity": 123, "video": "", "children_rides": "[]", "decoration": "[]", "menu": "", "period_soon_begin": "23:34:30.333", "period_soon_end": "23:34:30.333", "period_late_begin": "23:34:30.333", "period_late_end": "23:34:30.333", "sellerprofile": 1, "lat": -23.5623285, "lng": -46.6457737}}, {"model": "placecore.place", "pk": 6, "fields": {"creation": "2018-07-18T16:03:16.135Z", "modified": "2018-11-03T05:03:18.561Z", "relevance": 0.0, "feature": 0.0, "is_authorized_by_admin": true, "has_finished_basic": true, "is_active": true, "has_finished_payment": true, "name": "Exemplo5", "address": "Rua da Consola\u00e7\u00e3o - Consola\u00e7\u00e3o, S\u00e3o Paulo - SP, Brasil", "description": "Morbi vel leo ante. Nulla facilisi. Proin sed pharetra neque, eget imperdiet felis. Etiam consequat pretium sodales. Mauris posuMorbi vel leo ante. Nulla facilisi. Proin sed pharetra neque, eget imperdiet felis. Etiam consequat pretium sodales. Mauris posuMorbi vel leo ante. Nulla facilisi. Proin sed pharetra neque, eget imperdiet felis. Etiam consequat pretium sodales. Mauris posuMorbi vel leo ante. Nulla facilisi. Proin sed pharetra neque, eget imperdiet felis. Etiam consequat pretium sodales. Mauris posu", "capacity": 123, "video": "", "children_rides": "[]", "decoration": "[]", "menu": "", "period_soon_begin": "23:34:30.333", "period_soon_end": "23:34:30.333", "period_late_begin": "23:34:30.333", "period_late_end": "23:34:30.333", "sellerprofile": 1, "lat": -23.5500789, "lng": -46.653994}}, {"model": "placecore.place", "pk": 7, "fields": {"creation": "2018-07-18T16:03:18.146Z", "modified": "2018-09-02T00:14:40.304Z", "relevance": 0.0, "feature": 0.0, "is_authorized_by_admin": true, "has_finished_basic": false, "is_active": true, "has_finished_payment": true, "name": "Exemplo4", "address": "Exemplo", "description": "Curabitur sollicitudin purus vitae dignissim tincidunt. Aliquam scelerisque sapien et sem sodales hendrerit. Phasellus sem sapie", "capacity": 123, "video": "https://www.youtube.com/watch?v=VIDmMoSeG30", "children_rides": "[]", "decoration": "[]", "menu": "", "period_soon_begin": "23:34:30.333", "period_soon_end": "23:34:30.333", "period_late_begin": "23:34:30.333", "period_late_end": "23:34:30.333", "sellerprofile": 1, "lat": 28.0559817, "lng": -82.6582182}}, {"model": "placecore.place", "pk": 8, "fields": {"creation": "2018-07-18T16:03:20.377Z", "modified": "2018-09-02T00:14:39.667Z", "relevance": 0.0, "feature": 0.0, "is_authorized_by_admin": true, "has_finished_basic": false, "is_active": true, "has_finished_payment": true, "name": "Exemplo3", "address": "Exemplo", "description": "Pellentesque imperdiet at nisl nec euismod. Vivamus dictum libero erat, id congue eros vestibulum sit amet. Nullam quis congue a", "capacity": 123, "video": "Exemplo", "children_rides": "[]", "decoration": "[]", "menu": "", "period_soon_begin": "23:34:30.333", "period_soon_end": "23:34:30.333", "period_late_begin": "23:34:30.333", "period_late_end": "23:34:30.333", "sellerprofile": 1, "lat": 123.0, "lng": 123.0}}, {"model": "placecore.place", "pk": 9, "fields": {"creation": "2018-07-18T16:03:22.234Z", "modified": "2018-11-14T12:20:02.192Z", "relevance": 0.0, "feature": 19.0649119517008, "is_authorized_by_admin": true, "has_finished_basic": true, "is_active": true, "has_finished_payment": true, "name": "Exemplo2 - Teste!", "address": "Avenida Paulista - Bela Vista, S\u00e3o Paulo - SP, Brasil", "description": "Vestibulum eu justo non ante efficitur tristique non ac justo. Morbi vel lectus vitae sem gravida tincidunt at eget felis. Morbi", "capacity": 123, "video": "https://www.youtube.com/embed/VIDmMoSeG30", "children_rides": "[]", "decoration": "[]", "menu": "", "period_soon_begin": "09:00:00", "period_soon_end": "14:00:00", "period_late_begin": "16:00:00", "period_late_end": "21:00:00", "sellerprofile": 1, "lat": -23.566084, "lng": -46.6507953}}, {"model": "placecore.place", "pk": 10, "fields": {"creation": "2018-07-18T16:03:24.261Z", "modified": "2018-09-02T00:14:36.719Z", "relevance": 0.0, "feature": 0.0, "is_authorized_by_admin": true, "has_finished_basic": false, "is_active": true, "has_finished_payment": true, "name": "Exemplo1", "address": "Exemplo", "description": "Lorem ipsum dolor sit amet, consectetur adipiscing elit. Ut finibus leo lacinia dapibus facilisis. Fusce finibus facilisis gravi", "capacity": 123, "video": "Exemplo", "children_rides": "[]", "decoration": "[]", "menu": "", "period_soon_begin": "23:34:30.333", "period_soon_end": "23:34:30.333", "period_late_begin": "23:34:30.333", "period_late_end": "23:34:30.333", "sellerprofile": 1, "lat": 123.0, "lng": 123.0}}, {"model": "placecore.place", "pk": 11, "fields": {"creation": "2018-07-27T00:02:40.875Z", "modified": "2018-11-03T05:03:18.551Z", "relevance": 0.0, "feature": 0.0, "is_authorized_by_admin": true, "has_finished_basic": true, "is_active": true, "has_finished_payment": true, "name": "Rua da BLABLABLA - Consola\u00e7\u00e3o, S\u00e3o Paulo - SP, Brasil", "address": "Rua da Consola\u00e7\u00e3o - Consola\u00e7\u00e3o, S\u00e3o Paulo - SP, Brasil", "description": "Lorem ipsum dolor sit amet, consectetur adipiscing elit. Donec egestas purus velit, consectetur laoreet nisi vehicula sollicitud", "capacity": 800, "video": "https://www.youtube.com/embed/QgOXIEhHU1Y", "children_rides": "[\"['teste2']\"]", "decoration": "[\"['teste']\"]", "menu": "", "period_soon_begin": "23:34:30.333", "period_soon_end": "23:34:30.333", "period_late_begin": "23:34:30.333", "period_late_end": "23:34:30.333", "sellerprofile": 1, "lat": -23.5500827, "lng": -46.6540044}}, {"model": "placecore.place", "pk": 12, "fields": {"creation": "2018-11-03T01:30:11.980Z", "modified": "2018-11-03T05:03:18.573Z", "relevance": 0.0, "feature": 0.0, "is_authorized_by_admin": false, "has_finished_basic": true, "is_active": true, "has_finished_payment": true, "name": "awawefwef", "address": "Rua Marcos Melega, 55, apt 101", "description": "wfweafawef weaw", "capacity": 190, "video": "", "children_rides": "[]", "decoration": "[]", "menu": "", "period_soon_begin": "23:34:30.333", "period_soon_end": "23:34:30.333", "period_late_begin": "23:34:30.333", "period_late_end": "23:34:30.333", "sellerprofile": 1, "lat": -23.5512414, "lng": -46.7188865}}, {"model": "placecore.place", "pk": 13, "fields": {"creation": "2018-11-03T01:31:24.559Z", "modified": "2018-11-03T05:03:18.495Z", "relevance": 0.0, "feature": 0.0, "is_authorized_by_admin": false, "has_finished_basic": true, "is_active": true, "has_finished_payment": true, "name": "aqfawef waefawe", "address": "Alto de Pinheiros, S\u00e3o Paulo - SP, Brasil", "description": "awefawe fwafawfwae", "capacity": 200, "video": "", "children_rides": "[]", "decoration": "[]", "menu": "", "period_soon_begin": "23:34:30.333", "period_soon_end": "23:34:30.333", "period_late_begin": "23:34:30.333", "period_late_end": "23:34:30.333", "sellerprofile": 1, "lat": -23.5537093, "lng": -46.7088347}}, {"model": "placecore.place", "pk": 16, "fields": {"creation": "2018-11-09T21:47:56.877Z", "modified": "2018-11-09T21:47:56.877Z", "relevance": 0.0, "feature": 0.0, "is_authorized_by_admin": false, "has_finished_basic": false, "is_active": true, "has_finished_payment": true, "name": "EFWF AWFWAFWEAF", "address": "Rua da Consola\u00e7\u00e3o - Consola\u00e7\u00e3o, S\u00e3o Paulo - SP, Brasil", "description": "EFWF AWFWAFWEAF", "capacity": 10, "video": "", "children_rides": "[]", "decoration": "[]", "menu": "", "period_soon_begin": "23:34:30.333", "period_soon_end": "23:34:30.333", "period_late_begin": "23:34:30.333", "period_late_end": "23:34:30.333", "sellerprofile": 1, "lat": -23.5500789, "lng": -46.653994}}, {"model": "placecore.place", "pk": 17, "fields": {"creation": "2018-11-09T22:36:49.512Z", "modified": "2018-11-09T22:36:49.512Z", "relevance": 0.0, "feature": 0.0, "is_authorized_by_admin": false, "has_finished_basic": false, "is_active": true, "has_finished_payment": true, "name": "GIWJEFOWEJ FOWEJFWO EF", "address": "Alto de Pinheiros, S\u00e3o Paulo - SP, Brasil", "description": "GIWJEFOWEJ FOWEJFWO EF", "capacity": 120, "video": "", "children_rides": "[]", "decoration": "[]", "menu": "", "period_soon_begin": "23:34:30.333", "period_soon_end": "23:34:30.333", "period_late_begin": "23:34:30.333", "period_late_end": "23:34:30.333", "sellerprofile": 1, "lat": -23.5537093, "lng": -46.7088347}}, {"model": "placecore.place", "pk": 18, "fields": {"creation": "2018-11-09T22:45:12.399Z", "modified": "2018-11-13T02:53:52.593Z", "relevance": 0.0, "feature": 0.0, "is_authorized_by_admin": false, "has_finished_basic": true, "is_active": true, "has_finished_payment": true, "name": "erj eoifjaweof pwahef pwaehf", "address": "Alto de Pinheiros, S\u00e3o Paulo - SP, Brasil", "description": "erj eoifjaweof pwahef pwaehf", "capacity": 120, "video": "", "children_rides": "[]", "decoration": "[]", "menu": "", "period_soon_begin": "00:20:00", "period_soon_end": "01:00:00", "period_late_begin": "23:34:30.333", "period_late_end": "23:34:30.333", "sellerprofile": 1, "lat": -23.5537093, "lng": -46.7088347}}, {"model": "placecore.place", "pk": 19, "fields": {"creation": "2018-11-11T03:36:17.787Z", "modified": "2018-11-11T03:42:07.884Z", "relevance": 0.0, "feature": 0.0, "is_authorized_by_admin": false, "has_finished_basic": false, "is_active": true, "has_finished_payment": true, "name": "awefwae ef wfwe", "address": "Alto de Pinheiros, S\u00e3o Paulo - SP, Brasil", "description": "awefwae ef wfwe", "capacity": 110, "video": "", "children_rides": "[]", "decoration": "[]", "menu": "", "period_soon_begin": "00:00:00", "period_soon_end": "00:40:00", "period_late_begin": null, "period_late_end": null, "sellerprofile": 1, "lat": -23.5537093, "lng": -46.7088347}}, {"model": "placecore.placeadditionalinformation", "pk": 1, "fields": {"place": 1, "alcoholic_drink": true, "has_entertainment": true, "has_thematicdecoration": true, "has_childrenrides": false, "has_costumes": false, "has_parking": false, "has_externalarea": false, "has_music": false, "has_illumination": false, "has_babychangingroom": false}}, {"model": "placecore.placeadditionalinformation", "pk": 2, "fields": {"place": 2, "alcoholic_drink": true, "has_entertainment": true, "has_thematicdecoration": true, "has_childrenrides": false, "has_costumes": false, "has_parking": false, "has_externalarea": false, "has_music": false, "has_illumination": false, "has_babychangingroom": false}}, {"model": "placecore.placeadditionalinformation", "pk": 3, "fields": {"place": 3, "alcoholic_drink": false, "has_entertainment": false, "has_thematicdecoration": false, "has_childrenrides": false, "has_costumes": false, "has_parking": false, "has_externalarea": false, "has_music": false, "has_illumination": false, "has_babychangingroom": false}}, {"model": "placecore.placeadditionalinformation", "pk": 4, "fields": {"place": 4, "alcoholic_drink": true, "has_entertainment": true, "has_thematicdecoration": false, "has_childrenrides": true, "has_costumes": true, "has_parking": true, "has_externalarea": false, "has_music": false, "has_illumination": false, "has_babychangingroom": false}}, {"model": "placecore.placeadditionalinformation", "pk": 5, "fields": {"place": 5, "alcoholic_drink": false, "has_entertainment": true, "has_thematicdecoration": true, "has_childrenrides": false, "has_costumes": false, "has_parking": false, "has_externalarea": false, "has_music": false, "has_illumination": false, "has_babychangingroom": false}}, {"model": "placecore.placeadditionalinformation", "pk": 6, "fields": {"place": 6, "alcoholic_drink": false, "has_entertainment": false, "has_thematicdecoration": true, "has_childrenrides": false, "has_costumes": false, "has_parking": false, "has_externalarea": false, "has_music": false, "has_illumination": false, "has_babychangingroom": false}}, {"model": "placecore.placeadditionalinformation", "pk": 7, "fields": {"place": 7, "alcoholic_drink": false, "has_entertainment": false, "has_thematicdecoration": false, "has_childrenrides": false, "has_costumes": false, "has_parking": false, "has_externalarea": false, "has_music": false, "has_illumination": false, "has_babychangingroom": false}}, {"model": "placecore.placeadditionalinformation", "pk": 8, "fields": {"place": 8, "alcoholic_drink": false, "has_entertainment": false, "has_thematicdecoration": false, "has_childrenrides": false, "has_costumes": false, "has_parking": false, "has_externalarea": false, "has_music": false, "has_illumination": false, "has_babychangingroom": false}}, {"model": "placecore.placeadditionalinformation", "pk": 9, "fields": {"place": 9, "alcoholic_drink": true, "has_entertainment": true, "has_thematicdecoration": true, "has_childrenrides": false, "has_costumes": false, "has_parking": false, "has_externalarea": false, "has_music": false, "has_illumination": false, "has_babychangingroom": false}}, {"model": "placecore.placeadditionalinformation", "pk": 10, "fields": {"place": 10, "alcoholic_drink": false, "has_entertainment": false, "has_thematicdecoration": false, "has_childrenrides": false, "has_costumes": false, "has_parking": false, "has_externalarea": false, "has_music": false, "has_illumination": false, "has_babychangingroom": false}}, {"model": "placecore.placeadditionalinformation", "pk": 11, "fields": {"place": 11, "alcoholic_drink": true, "has_entertainment": false, "has_thematicdecoration": true, "has_childrenrides": false, "has_costumes": false, "has_parking": false, "has_externalarea": false, "has_music": false, "has_illumination": false, "has_babychangingroom": false}}, {"model": "placecore.placeadditionalinformation", "pk": 12, "fields": {"place": 12, "alcoholic_drink": true, "has_entertainment": false, "has_thematicdecoration": false, "has_childrenrides": false, "has_costumes": false, "has_parking": false, "has_externalarea": false, "has_music": false, "has_illumination": false, "has_babychangingroom": false}}, {"model": "placecore.placeadditionalinformation", "pk": 13, "fields": {"place": 13, "alcoholic_drink": true, "has_entertainment": true, "has_thematicdecoration": false, "has_childrenrides": false, "has_costumes": false, "has_parking": false, "has_externalarea": false, "has_music": false, "has_illumination": false, "has_babychangingroom": false}}, {"model": "placecore.placeadditionalinformation", "pk": 16, "fields": {"place": 16, "alcoholic_drink": false, "has_entertainment": false, "has_thematicdecoration": false, "has_childrenrides": false, "has_costumes": false, "has_parking": false, "has_externalarea": false, "has_music": false, "has_illumination": false, "has_babychangingroom": false}}, {"model": "placecore.placeadditionalinformation", "pk": 17, "fields": {"place": 17, "alcoholic_drink": false, "has_entertainment": false, "has_thematicdecoration": false, "has_childrenrides": false, "has_costumes": false, "has_parking": false, "has_externalarea": false, "has_music": false, "has_illumination": false, "has_babychangingroom": false}}, {"model": "placecore.placeadditionalinformation", "pk": 18, "fields": {"place": 18, "alcoholic_drink": false, "has_entertainment": false, "has_thematicdecoration": false, "has_childrenrides": false, "has_costumes": false, "has_parking": false, "has_externalarea": false, "has_music": false, "has_illumination": false, "has_babychangingroom": false}}, {"model": "placecore.placeadditionalinformation", "pk": 19, "fields": {"place": 19, "alcoholic_drink": false, "has_entertainment": false, "has_thematicdecoration": false, "has_childrenrides": false, "has_costumes": false, "has_parking": false, "has_externalarea": false, "has_music": false, "has_illumination": false, "has_babychangingroom": false}}, {"model": "placecore.placevisualization", "pk": 1, "fields": {"place": 9, "creation": "2018-09-29T07:30:23Z"}}, {"model": "placecore.placevisualization", "pk": 2, "fields": {"place": 9, "creation": "2018-10-27T07:41:36.110Z"}}, {"model": "placecore.placevisualization", "pk": 3, "fields": {"place": 9, "creation": "2018-10-27T07:45:37.373Z"}}, {"model": "placecore.placevisualization", "pk": 4, "fields": {"place": 9, "creation": "2018-10-27T08:14:41.508Z"}}, {"model": "placecore.placevisualization", "pk": 5, "fields": {"place": 9, "creation": "2018-10-27T09:03:56.980Z"}}, {"model": "placecore.placevisualization", "pk": 6, "fields": {"place": 9, "creation": "2018-10-27T09:22:59.467Z"}}, {"model": "placecore.placevisualization", "pk": 7, "fields": {"place": 9, "creation": "2018-10-27T09:23:32.737Z"}}, {"model": "placecore.placevisualization", "pk": 8, "fields": {"place": 9, "creation": "2018-10-27T09:26:03.362Z"}}, {"model": "placecore.placevisualization", "pk": 10, "fields": {"place": 9, "creation": "2018-10-29T12:52:37.493Z"}}, {"model": "placecore.placevisualization", "pk": 11, "fields": {"place": 2, "creation": "2018-10-31T15:27:43.605Z"}}, {"model": "placecore.placevisualization", "pk": 12, "fields": {"place": 9, "creation": "2018-11-01T02:56:50.508Z"}}, {"model": "placecore.placevisualization", "pk": 13, "fields": {"place": 9, "creation": "2018-11-01T02:57:43.211Z"}}, {"model": "placecore.placevisualization", "pk": 14, "fields": {"place": 9, "creation": "2018-11-01T03:04:58.571Z"}}, {"model": "placecore.placevisualization", "pk": 15, "fields": {"place": 9, "creation": "2018-11-01T03:05:20.976Z"}}, {"model": "placecore.placevisualization", "pk": 16, "fields": {"place": 9, "creation": "2018-11-01T03:18:23.026Z"}}, {"model": "placecore.placevisualization", "pk": 17, "fields": {"place": 9, "creation": "2018-11-01T03:18:39.063Z"}}, {"model": "placecore.placevisualization", "pk": 18, "fields": {"place": 9, "creation": "2018-11-01T03:20:20.113Z"}}, {"model": "placecore.placevisualization", "pk": 19, "fields": {"place": 9, "creation": "2018-11-01T03:20:36.197Z"}}, {"model": "placecore.placevisualization", "pk": 20, "fields": {"place": 9, "creation": "2018-11-02T20:15:02.734Z"}}, {"model": "placecore.placevisualization", "pk": 21, "fields": {"place": 5, "creation": "2018-11-03T21:35:59.395Z"}}, {"model": "placecore.placevisualization", "pk": 22, "fields": {"place": 5, "creation": "2018-11-03T21:36:00.877Z"}}, {"model": "placecore.placevisualization", "pk": 23, "fields": {"place": 5, "creation": "2018-11-03T21:37:58.949Z"}}, {"model": "placecore.placevisualization", "pk": 24, "fields": {"place": 5, "creation": "2018-11-03T21:38:04.192Z"}}, {"model": "placecore.placevisualization", "pk": 25, "fields": {"place": 11, "creation": "2018-11-03T21:38:07.333Z"}}, {"model": "placecore.placevisualization", "pk": 26, "fields": {"place": 2, "creation": "2018-11-03T22:00:49.345Z"}}, {"model": "placecore.placevisualization", "pk": 27, "fields": {"place": 2, "creation": "2018-11-03T22:00:57.674Z"}}, {"model": "placecore.placevisualization", "pk": 28, "fields": {"place": 9, "creation": "2018-11-04T08:42:31.753Z"}}, {"model": "placecore.placevisualization", "pk": 29, "fields": {"place": 2, "creation": "2018-11-04T08:42:40.260Z"}}, {"model": "placecore.placevisualization", "pk": 30, "fields": {"place": 9, "creation": "2018-11-04T09:20:43.624Z"}}, {"model": "placecore.placevisualization", "pk": 31, "fields": {"place": 9, "creation": "2018-11-04T09:25:44.154Z"}}, {"model": "placecore.placevisualization", "pk": 32, "fields": {"place": 9, "creation": "2018-11-04T09:25:46.375Z"}}, {"model": "placecore.placevisualization", "pk": 33, "fields": {"place": 9, "creation": "2018-11-04T09:25:59.496Z"}}, {"model": "placecore.placevisualization", "pk": 34, "fields": {"place": 9, "creation": "2018-11-04T09:27:23.085Z"}}, {"model": "placecore.placevisualization", "pk": 35, "fields": {"place": 9, "creation": "2018-11-04T09:27:57.979Z"}}, {"model": "placecore.placevisualization", "pk": 36, "fields": {"place": 9, "creation": "2018-11-04T09:28:27.333Z"}}, {"model": "placecore.placevisualization", "pk": 37, "fields": {"place": 9, "creation": "2018-11-04T09:29:07.641Z"}}, {"model": "placecore.placevisualization", "pk": 38, "fields": {"place": 9, "creation": "2018-11-04T09:31:43.318Z"}}, {"model": "placecore.placevisualization", "pk": 39, "fields": {"place": 9, "creation": "2018-11-04T09:32:44.106Z"}}, {"model": "placecore.placevisualization", "pk": 40, "fields": {"place": 9, "creation": "2018-11-04T09:35:01.866Z"}}, {"model": "placecore.placevisualization", "pk": 41, "fields": {"place": 9, "creation": "2018-11-04T09:35:48.755Z"}}, {"model": "placecore.placevisualization", "pk": 42, "fields": {"place": 9, "creation": "2018-11-04T09:36:06.552Z"}}, {"model": "placecore.placevisualization", "pk": 43, "fields": {"place": 9, "creation": "2018-11-04T09:36:18.736Z"}}, {"model": "placecore.placevisualization", "pk": 44, "fields": {"place": 9, "creation": "2018-11-04T09:37:33.468Z"}}, {"model": "placecore.placevisualization", "pk": 45, "fields": {"place": 9, "creation": "2018-11-04T09:38:01.367Z"}}, {"model": "placecore.placevisualization", "pk": 46, "fields": {"place": 9, "creation": "2018-11-04T09:38:35.957Z"}}, {"model": "placecore.placevisualization", "pk": 47, "fields": {"place": 9, "creation": "2018-11-04T09:39:08.642Z"}}, {"model": "placecore.placevisualization", "pk": 48, "fields": {"place": 9, "creation": "2018-11-04T09:39:40.446Z"}}, {"model": "placecore.placevisualization", "pk": 49, "fields": {"place": 9, "creation": "2018-11-04T09:40:03.460Z"}}, {"model": "placecore.placevisualization", "pk": 50, "fields": {"place": 9, "creation": "2018-11-04T09:40:17.139Z"}}, {"model": "placecore.placevisualization", "pk": 51, "fields": {"place": 9, "creation": "2018-11-04T09:41:57.551Z"}}, {"model": "placecore.placevisualization", "pk": 52, "fields": {"place": 9, "creation": "2018-11-04T09:42:32.914Z"}}, {"model": "placecore.placevisualization", "pk": 53, "fields": {"place": 9, "creation": "2018-11-04T09:42:50.058Z"}}, {"model": "placecore.placevisualization", "pk": 54, "fields": {"place": 9, "creation": "2018-11-04T09:49:28.335Z"}}, {"model": "placecore.placevisualization", "pk": 55, "fields": {"place": 9, "creation": "2018-11-04T09:50:12.644Z"}}, {"model": "placecore.placevisualization", "pk": 56, "fields": {"place": 9, "creation": "2018-11-04T09:50:29.873Z"}}, {"model": "placecore.placevisualization", "pk": 57, "fields": {"place": 9, "creation": "2018-11-04T09:50:49.513Z"}}, {"model": "placecore.placevisualization", "pk": 58, "fields": {"place": 9, "creation": "2018-11-04T09:51:30.423Z"}}, {"model": "placecore.placevisualization", "pk": 59, "fields": {"place": 9, "creation": "2018-11-04T09:52:46.538Z"}}, {"model": "placecore.placevisualization", "pk": 60, "fields": {"place": 9, "creation": "2018-11-04T09:53:32.703Z"}}, {"model": "placecore.placevisualization", "pk": 61, "fields": {"place": 9, "creation": "2018-11-04T09:54:04.212Z"}}, {"model": "placecore.placevisualization", "pk": 62, "fields": {"place": 9, "creation": "2018-11-04T09:55:33.777Z"}}, {"model": "placecore.placevisualization", "pk": 63, "fields": {"place": 9, "creation": "2018-11-04T09:55:38.745Z"}}, {"model": "placecore.placevisualization", "pk": 64, "fields": {"place": 9, "creation": "2018-11-04T09:55:46.374Z"}}, {"model": "placecore.placevisualization", "pk": 65, "fields": {"place": 9, "creation": "2018-11-04T09:55:49.403Z"}}, {"model": "placecore.placevisualization", "pk": 66, "fields": {"place": 9, "creation": "2018-11-04T09:56:03.708Z"}}, {"model": "placecore.placevisualization", "pk": 67, "fields": {"place": 9, "creation": "2018-11-05T08:56:55.230Z"}}, {"model": "placecore.placevisualization", "pk": 68, "fields": {"place": 9, "creation": "2018-11-05T08:58:26.286Z"}}, {"model": "placecore.placevisualization", "pk": 69, "fields": {"place": 9, "creation": "2018-11-05T08:59:55.851Z"}}, {"model": "placecore.placevisualization", "pk": 70, "fields": {"place": 9, "creation": "2018-11-05T09:00:11.358Z"}}, {"model": "placecore.placevisualization", "pk": 71, "fields": {"place": 9, "creation": "2018-11-05T09:05:39.689Z"}}, {"model": "placecore.placevisualization", "pk": 72, "fields": {"place": 9, "creation": "2018-11-05T09:06:14.138Z"}}, {"model": "placecore.placevisualization", "pk": 73, "fields": {"place": 9, "creation": "2018-11-05T09:06:29.165Z"}}, {"model": "placecore.placevisualization", "pk": 74, "fields": {"place": 9, "creation": "2018-11-05T09:06:39.371Z"}}, {"model": "placecore.placevisualization", "pk": 75, "fields": {"place": 9, "creation": "2018-11-05T09:06:54.882Z"}}, {"model": "placecore.placevisualization", "pk": 76, "fields": {"place": 9, "creation": "2018-11-05T09:09:33.644Z"}}, {"model": "placecore.placevisualization", "pk": 77, "fields": {"place": 9, "creation": "2018-11-05T09:10:11.478Z"}}, {"model": "placecore.placevisualization", "pk": 78, "fields": {"place": 9, "creation": "2018-11-05T09:10:26.397Z"}}, {"model": "placecore.placevisualization", "pk": 79, "fields": {"place": 9, "creation": "2018-11-05T09:11:29.158Z"}}, {"model": "placecore.placevisualization", "pk": 80, "fields": {"place": 9, "creation": "2018-11-05T09:11:48.633Z"}}, {"model": "placecore.placevisualization", "pk": 81, "fields": {"place": 9, "creation": "2018-11-05T09:12:27.507Z"}}, {"model": "placecore.placevisualization", "pk": 82, "fields": {"place": 9, "creation": "2018-11-05T09:12:46.662Z"}}, {"model": "placecore.placevisualization", "pk": 83, "fields": {"place": 9, "creation": "2018-11-05T09:13:21.719Z"}}, {"model": "placecore.placevisualization", "pk": 84, "fields": {"place": 9, "creation": "2018-11-05T09:13:39.087Z"}}, {"model": "placecore.placevisualization", "pk": 85, "fields": {"place": 9, "creation": "2018-11-05T09:13:54.239Z"}}, {"model": "placecore.placevisualization", "pk": 86, "fields": {"place": 9, "creation": "2018-11-05T09:14:05.152Z"}}, {"model": "placecore.placevisualization", "pk": 87, "fields": {"place": 9, "creation": "2018-11-05T09:14:20.600Z"}}, {"model": "placecore.placevisualization", "pk": 88, "fields": {"place": 9, "creation": "2018-11-05T09:14:23.922Z"}}, {"model": "placecore.placevisualization", "pk": 89, "fields": {"place": 9, "creation": "2018-11-05T09:14:40.226Z"}}, {"model": "placecore.placevisualization", "pk": 90, "fields": {"place": 9, "creation": "2018-11-05T09:15:11.298Z"}}, {"model": "placecore.placevisualization", "pk": 91, "fields": {"place": 9, "creation": "2018-11-05T09:15:32.522Z"}}, {"model": "placecore.placevisualization", "pk": 92, "fields": {"place": 9, "creation": "2018-11-05T09:15:37.465Z"}}, {"model": "placecore.placevisualization", "pk": 93, "fields": {"place": 9, "creation": "2018-11-05T09:16:10.387Z"}}, {"model": "placecore.placevisualization", "pk": 94, "fields": {"place": 9, "creation": "2018-11-05T09:16:37.920Z"}}, {"model": "placecore.placevisualization", "pk": 95, "fields": {"place": 9, "creation": "2018-11-05T09:16:53.949Z"}}, {"model": "placecore.placevisualization", "pk": 96, "fields": {"place": 9, "creation": "2018-11-05T09:17:15.573Z"}}, {"model": "placecore.placevisualization", "pk": 97, "fields": {"place": 9, "creation": "2018-11-05T09:17:40.855Z"}}, {"model": "placecore.placevisualization", "pk": 98, "fields": {"place": 9, "creation": "2018-11-05T09:17:54.062Z"}}, {"model": "placecore.placevisualization", "pk": 99, "fields": {"place": 9, "creation": "2018-11-05T09:18:09.996Z"}}, {"model": "placecore.placevisualization", "pk": 100, "fields": {"place": 9, "creation": "2018-11-05T09:18:26.380Z"}}, {"model": "placecore.placevisualization", "pk": 101, "fields": {"place": 9, "creation": "2018-11-05T09:18:36.721Z"}}, {"model": "placecore.placevisualization", "pk": 102, "fields": {"place": 9, "creation": "2018-11-05T09:18:45.331Z"}}, {"model": "placecore.placevisualization", "pk": 103, "fields": {"place": 9, "creation": "2018-11-05T09:18:56.247Z"}}, {"model": "placecore.placevisualization", "pk": 104, "fields": {"place": 9, "creation": "2018-11-05T09:19:09.503Z"}}, {"model": "placecore.placevisualization", "pk": 105, "fields": {"place": 9, "creation": "2018-11-05T09:19:42.673Z"}}, {"model": "placecore.placevisualization", "pk": 106, "fields": {"place": 9, "creation": "2018-11-05T09:20:02.307Z"}}, {"model": "placecore.placevisualization", "pk": 107, "fields": {"place": 9, "creation": "2018-11-05T09:20:25.500Z"}}, {"model": "placecore.placevisualization", "pk": 108, "fields": {"place": 9, "creation": "2018-11-05T09:21:40.100Z"}}, {"model": "placecore.placevisualization", "pk": 109, "fields": {"place": 9, "creation": "2018-11-05T09:21:56.954Z"}}, {"model": "placecore.placevisualization", "pk": 110, "fields": {"place": 9, "creation": "2018-11-05T09:22:12.072Z"}}, {"model": "placecore.placevisualization", "pk": 111, "fields": {"place": 9, "creation": "2018-11-05T09:22:37.706Z"}}, {"model": "placecore.placevisualization", "pk": 112, "fields": {"place": 9, "creation": "2018-11-05T09:22:49.501Z"}}, {"model": "placecore.placevisualization", "pk": 113, "fields": {"place": 9, "creation": "2018-11-05T09:23:55.327Z"}}, {"model": "placecore.placevisualization", "pk": 114, "fields": {"place": 9, "creation": "2018-11-05T09:24:11.209Z"}}, {"model": "placecore.placevisualization", "pk": 115, "fields": {"place": 9, "creation": "2018-11-05T09:24:22.741Z"}}, {"model": "placecore.placevisualization", "pk": 116, "fields": {"place": 9, "creation": "2018-11-05T09:24:30.840Z"}}, {"model": "placecore.placevisualization", "pk": 117, "fields": {"place": 9, "creation": "2018-11-05T09:24:49.206Z"}}, {"model": "placecore.placevisualization", "pk": 118, "fields": {"place": 9, "creation": "2018-11-05T09:24:55.424Z"}}, {"model": "placecore.placevisualization", "pk": 119, "fields": {"place": 9, "creation": "2018-11-05T09:25:11.439Z"}}, {"model": "placecore.placevisualization", "pk": 120, "fields": {"place": 9, "creation": "2018-11-05T09:25:26.961Z"}}, {"model": "placecore.placevisualization", "pk": 121, "fields": {"place": 9, "creation": "2018-11-05T09:25:32.356Z"}}, {"model": "placecore.placevisualization", "pk": 122, "fields": {"place": 9, "creation": "2018-11-05T09:25:37.560Z"}}, {"model": "placecore.placevisualization", "pk": 123, "fields": {"place": 9, "creation": "2018-11-05T09:25:42.449Z"}}, {"model": "placecore.placevisualization", "pk": 124, "fields": {"place": 9, "creation": "2018-11-05T09:26:16.798Z"}}, {"model": "placecore.placevisualization", "pk": 125, "fields": {"place": 9, "creation": "2018-11-05T09:26:48.172Z"}}, {"model": "placecore.placevisualization", "pk": 126, "fields": {"place": 9, "creation": "2018-11-05T15:10:09.643Z"}}, {"model": "placecore.placevisualization", "pk": 127, "fields": {"place": 9, "creation": "2018-11-05T15:10:31.146Z"}}, {"model": "placecore.placevisualization", "pk": 128, "fields": {"place": 9, "creation": "2018-11-05T15:10:53.656Z"}}, {"model": "placecore.placevisualization", "pk": 129, "fields": {"place": 9, "creation": "2018-11-05T16:02:50.748Z"}}, {"model": "placecore.placevisualization", "pk": 130, "fields": {"place": 9, "creation": "2018-11-05T16:35:35.946Z"}}, {"model": "placecore.placevisualization", "pk": 131, "fields": {"place": 9, "creation": "2018-11-05T16:35:46.225Z"}}, {"model": "placecore.placevisualization", "pk": 132, "fields": {"place": 9, "creation": "2018-11-05T16:41:27.752Z"}}, {"model": "placecore.placevisualization", "pk": 133, "fields": {"place": 9, "creation": "2018-11-05T16:41:49.357Z"}}, {"model": "placecore.placevisualization", "pk": 134, "fields": {"place": 9, "creation": "2018-11-05T16:42:06.906Z"}}, {"model": "placecore.placevisualization", "pk": 135, "fields": {"place": 9, "creation": "2018-11-05T16:43:16.834Z"}}, {"model": "placecore.placevisualization", "pk": 136, "fields": {"place": 9, "creation": "2018-11-05T16:48:29.711Z"}}, {"model": "placecore.placevisualization", "pk": 137, "fields": {"place": 9, "creation": "2018-11-05T16:49:39.075Z"}}, {"model": "placecore.placevisualization", "pk": 138, "fields": {"place": 9, "creation": "2018-11-05T16:50:06.685Z"}}, {"model": "placecore.placevisualization", "pk": 139, "fields": {"place": 9, "creation": "2018-11-05T16:50:51.426Z"}}, {"model": "placecore.placevisualization", "pk": 140, "fields": {"place": 9, "creation": "2018-11-05T16:50:57.926Z"}}, {"model": "placecore.placevisualization", "pk": 141, "fields": {"place": 9, "creation": "2018-11-05T16:54:15.735Z"}}, {"model": "placecore.placevisualization", "pk": 142, "fields": {"place": 9, "creation": "2018-11-05T16:56:22.506Z"}}, {"model": "placecore.placevisualization", "pk": 143, "fields": {"place": 9, "creation": "2018-11-05T17:00:00.370Z"}}, {"model": "placecore.placevisualization", "pk": 144, "fields": {"place": 9, "creation": "2018-11-05T17:00:24.127Z"}}, {"model": "placecore.placevisualization", "pk": 145, "fields": {"place": 9, "creation": "2018-11-05T17:00:51.841Z"}}, {"model": "placecore.placevisualization", "pk": 146, "fields": {"place": 9, "creation": "2018-11-05T17:01:58.348Z"}}, {"model": "placecore.placevisualization", "pk": 147, "fields": {"place": 9, "creation": "2018-11-05T17:03:18.022Z"}}, {"model": "placecore.placevisualization", "pk": 148, "fields": {"place": 9, "creation": "2018-11-05T17:03:46.168Z"}}, {"model": "placecore.placevisualization", "pk": 149, "fields": {"place": 9, "creation": "2018-11-05T17:04:14.641Z"}}, {"model": "placecore.placevisualization", "pk": 150, "fields": {"place": 9, "creation": "2018-11-05T17:05:06.913Z"}}, {"model": "placecore.placevisualization", "pk": 151, "fields": {"place": 9, "creation": "2018-11-05T17:06:41.754Z"}}, {"model": "placecore.placevisualization", "pk": 152, "fields": {"place": 9, "creation": "2018-11-05T17:06:56.488Z"}}, {"model": "placecore.placevisualization", "pk": 153, "fields": {"place": 9, "creation": "2018-11-05T17:14:36.784Z"}}, {"model": "placecore.placevisualization", "pk": 154, "fields": {"place": 9, "creation": "2018-11-05T17:14:43.405Z"}}, {"model": "placecore.placevisualization", "pk": 155, "fields": {"place": 9, "creation": "2018-11-05T17:15:04.768Z"}}, {"model": "placecore.placevisualization", "pk": 156, "fields": {"place": 9, "creation": "2018-11-05T17:15:40.407Z"}}, {"model": "placecore.placevisualization", "pk": 157, "fields": {"place": 9, "creation": "2018-11-05T17:16:05.918Z"}}, {"model": "placecore.placevisualization", "pk": 158, "fields": {"place": 9, "creation": "2018-11-05T17:16:35.762Z"}}, {"model": "placecore.placevisualization", "pk": 159, "fields": {"place": 9, "creation": "2018-11-05T17:16:52.577Z"}}, {"model": "placecore.placevisualization", "pk": 160, "fields": {"place": 9, "creation": "2018-11-05T17:17:42.271Z"}}, {"model": "placecore.placevisualization", "pk": 161, "fields": {"place": 9, "creation": "2018-11-05T17:18:31.732Z"}}, {"model": "placecore.placevisualization", "pk": 162, "fields": {"place": 9, "creation": "2018-11-05T17:19:49.051Z"}}, {"model": "placecore.placevisualization", "pk": 163, "fields": {"place": 9, "creation": "2018-11-05T17:20:03.767Z"}}, {"model": "placecore.placevisualization", "pk": 164, "fields": {"place": 9, "creation": "2018-11-05T17:21:50.053Z"}}, {"model": "placecore.placevisualization", "pk": 165, "fields": {"place": 9, "creation": "2018-11-05T17:22:15.207Z"}}, {"model": "placecore.placevisualization", "pk": 166, "fields": {"place": 9, "creation": "2018-11-05T17:22:41.303Z"}}, {"model": "placecore.placevisualization", "pk": 167, "fields": {"place": 9, "creation": "2018-11-05T17:27:26.593Z"}}, {"model": "placecore.placevisualization", "pk": 168, "fields": {"place": 9, "creation": "2018-11-05T17:28:30.442Z"}}, {"model": "placecore.placevisualization", "pk": 169, "fields": {"place": 9, "creation": "2018-11-05T17:28:41.386Z"}}, {"model": "placecore.placevisualization", "pk": 170, "fields": {"place": 9, "creation": "2018-11-05T17:29:29.885Z"}}, {"model": "placecore.placevisualization", "pk": 171, "fields": {"place": 9, "creation": "2018-11-05T17:29:58.504Z"}}, {"model": "placecore.placevisualization", "pk": 172, "fields": {"place": 9, "creation": "2018-11-05T17:30:38.155Z"}}, {"model": "placecore.placevisualization", "pk": 173, "fields": {"place": 9, "creation": "2018-11-05T18:00:19.678Z"}}, {"model": "placecore.placevisualization", "pk": 174, "fields": {"place": 9, "creation": "2018-11-05T18:06:23.904Z"}}, {"model": "placecore.placevisualization", "pk": 175, "fields": {"place": 5, "creation": "2018-11-05T22:19:47.783Z"}}, {"model": "placecore.placevisualization", "pk": 176, "fields": {"place": 11, "creation": "2018-11-05T23:33:27.568Z"}}, {"model": "placecore.placevisualization", "pk": 177, "fields": {"place": 11, "creation": "2018-11-06T00:17:21.448Z"}}, {"model": "placecore.placevisualization", "pk": 178, "fields": {"place": 9, "creation": "2018-11-06T00:21:27.679Z"}}, {"model": "placecore.placevisualization", "pk": 179, "fields": {"place": 9, "creation": "2018-11-06T21:29:58.752Z"}}, {"model": "placecore.placevisualization", "pk": 180, "fields": {"place": 9, "creation": "2018-11-06T21:31:02.894Z"}}, {"model": "placecore.placevisualization", "pk": 181, "fields": {"place": 9, "creation": "2018-11-06T21:35:09.956Z"}}, {"model": "placecore.placevisualization", "pk": 182, "fields": {"place": 9, "creation": "2018-11-06T21:36:27.114Z"}}, {"model": "placecore.placevisualization", "pk": 183, "fields": {"place": 9, "creation": "2018-11-06T21:36:35.668Z"}}, {"model": "placecore.placevisualization", "pk": 184, "fields": {"place": 9, "creation": "2018-11-06T21:37:07.392Z"}}, {"model": "placecore.placevisualization", "pk": 185, "fields": {"place": 9, "creation": "2018-11-06T21:37:30.298Z"}}, {"model": "placecore.placevisualization", "pk": 186, "fields": {"place": 9, "creation": "2018-11-06T21:37:52.794Z"}}, {"model": "placecore.placevisualization", "pk": 187, "fields": {"place": 9, "creation": "2018-11-06T21:37:58.230Z"}}, {"model": "placecore.placevisualization", "pk": 188, "fields": {"place": 9, "creation": "2018-11-06T21:39:50.857Z"}}, {"model": "placecore.placevisualization", "pk": 189, "fields": {"place": 9, "creation": "2018-11-06T21:40:35.121Z"}}, {"model": "placecore.placevisualization", "pk": 190, "fields": {"place": 9, "creation": "2018-11-06T21:41:06.025Z"}}, {"model": "placecore.placevisualization", "pk": 191, "fields": {"place": 9, "creation": "2018-11-06T21:41:22.627Z"}}, {"model": "placecore.placevisualization", "pk": 192, "fields": {"place": 9, "creation": "2018-11-06T21:44:43.069Z"}}, {"model": "placecore.placevisualization", "pk": 193, "fields": {"place": 9, "creation": "2018-11-06T21:44:47.671Z"}}, {"model": "placecore.placevisualization", "pk": 194, "fields": {"place": 9, "creation": "2018-11-07T23:09:49.505Z"}}, {"model": "placecore.placevisualization", "pk": 195, "fields": {"place": 9, "creation": "2018-11-07T23:10:18.253Z"}}, {"model": "placecore.placevisualization", "pk": 196, "fields": {"place": 9, "creation": "2018-11-07T23:15:42.056Z"}}, {"model": "placecore.placevisualization", "pk": 197, "fields": {"place": 9, "creation": "2018-11-07T23:16:50.450Z"}}, {"model": "placecore.placevisualization", "pk": 198, "fields": {"place": 9, "creation": "2018-11-07T23:18:17.709Z"}}, {"model": "placecore.placevisualization", "pk": 199, "fields": {"place": 9, "creation": "2018-11-07T23:24:08.466Z"}}, {"model": "placecore.placevisualization", "pk": 200, "fields": {"place": 9, "creation": "2018-11-07T23:25:16.982Z"}}, {"model": "placecore.placevisualization", "pk": 201, "fields": {"place": 9, "creation": "2018-11-07T23:25:50.366Z"}}, {"model": "placecore.placevisualization", "pk": 202, "fields": {"place": 9, "creation": "2018-11-07T23:26:10.601Z"}}, {"model": "placecore.placevisualization", "pk": 203, "fields": {"place": 9, "creation": "2018-11-07T23:27:27.448Z"}}, {"model": "placecore.placevisualization", "pk": 204, "fields": {"place": 9, "creation": "2018-11-07T23:28:49.717Z"}}, {"model": "placecore.placevisualization", "pk": 205, "fields": {"place": 9, "creation": "2018-11-07T23:29:11.991Z"}}, {"model": "placecore.placevisualization", "pk": 206, "fields": {"place": 9, "creation": "2018-11-07T23:30:19.795Z"}}, {"model": "placecore.placevisualization", "pk": 207, "fields": {"place": 9, "creation": "2018-11-07T23:30:30.726Z"}}, {"model": "placecore.placevisualization", "pk": 208, "fields": {"place": 9, "creation": "2018-11-07T23:32:22.232Z"}}, {"model": "placecore.placevisualization", "pk": 209, "fields": {"place": 9, "creation": "2018-11-07T23:34:05.470Z"}}, {"model": "placecore.placevisualization", "pk": 210, "fields": {"place": 9, "creation": "2018-11-07T23:34:18.313Z"}}, {"model": "placecore.placevisualization", "pk": 211, "fields": {"place": 9, "creation": "2018-11-07T23:37:44.626Z"}}, {"model": "placecore.placevisualization", "pk": 212, "fields": {"place": 9, "creation": "2018-11-07T23:38:01.593Z"}}, {"model": "placecore.placevisualization", "pk": 213, "fields": {"place": 9, "creation": "2018-11-07T23:38:20.790Z"}}, {"model": "placecore.placevisualization", "pk": 214, "fields": {"place": 9, "creation": "2018-11-07T23:38:55.351Z"}}, {"model": "placecore.placevisualization", "pk": 215, "fields": {"place": 9, "creation": "2018-11-07T23:41:23.800Z"}}, {"model": "placecore.placevisualization", "pk": 216, "fields": {"place": 9, "creation": "2018-11-07T23:42:37.745Z"}}, {"model": "placecore.placevisualization", "pk": 217, "fields": {"place": 9, "creation": "2018-11-07T23:42:55.732Z"}}, {"model": "placecore.placevisualization", "pk": 218, "fields": {"place": 9, "creation": "2018-11-07T23:43:25.020Z"}}, {"model": "placecore.placevisualization", "pk": 219, "fields": {"place": 9, "creation": "2018-11-07T23:43:58.021Z"}}, {"model": "placecore.placevisualization", "pk": 220, "fields": {"place": 9, "creation": "2018-11-07T23:44:56.634Z"}}, {"model": "placecore.placevisualization", "pk": 221, "fields": {"place": 9, "creation": "2018-11-07T23:48:11.436Z"}}, {"model": "placecore.placevisualization", "pk": 222, "fields": {"place": 9, "creation": "2018-11-07T23:48:35.573Z"}}, {"model": "placecore.placevisualization", "pk": 223, "fields": {"place": 9, "creation": "2018-11-07T23:48:59.934Z"}}, {"model": "placecore.placevisualization", "pk": 224, "fields": {"place": 9, "creation": "2018-11-07T23:49:06.778Z"}}, {"model": "placecore.placevisualization", "pk": 225, "fields": {"place": 9, "creation": "2018-11-07T23:49:24.349Z"}}, {"model": "placecore.placevisualization", "pk": 226, "fields": {"place": 9, "creation": "2018-11-07T23:50:16.619Z"}}, {"model": "placecore.placevisualization", "pk": 227, "fields": {"place": 9, "creation": "2018-11-07T23:50:46.753Z"}}, {"model": "placecore.placevisualization", "pk": 228, "fields": {"place": 9, "creation": "2018-11-07T23:51:43.361Z"}}, {"model": "placecore.placevisualization", "pk": 229, "fields": {"place": 9, "creation": "2018-11-07T23:51:56.173Z"}}, {"model": "placecore.placevisualization", "pk": 230, "fields": {"place": 9, "creation": "2018-11-07T23:52:16.588Z"}}, {"model": "placecore.placevisualization", "pk": 231, "fields": {"place": 9, "creation": "2018-11-07T23:52:32.380Z"}}, {"model": "placecore.placevisualization", "pk": 232, "fields": {"place": 9, "creation": "2018-11-07T23:53:33.393Z"}}, {"model": "placecore.placevisualization", "pk": 233, "fields": {"place": 9, "creation": "2018-11-07T23:54:44.360Z"}}, {"model": "placecore.placevisualization", "pk": 234, "fields": {"place": 9, "creation": "2018-11-07T23:54:54.385Z"}}, {"model": "placecore.placevisualization", "pk": 235, "fields": {"place": 9, "creation": "2018-11-07T23:55:04.539Z"}}, {"model": "placecore.placevisualization", "pk": 236, "fields": {"place": 9, "creation": "2018-11-07T23:55:25.626Z"}}, {"model": "placecore.placevisualization", "pk": 237, "fields": {"place": 9, "creation": "2018-11-07T23:55:58.195Z"}}, {"model": "placecore.placevisualization", "pk": 238, "fields": {"place": 9, "creation": "2018-11-07T23:56:57.427Z"}}, {"model": "placecore.placevisualization", "pk": 239, "fields": {"place": 9, "creation": "2018-11-07T23:57:25.065Z"}}, {"model": "placecore.placevisualization", "pk": 240, "fields": {"place": 9, "creation": "2018-11-07T23:58:28.159Z"}}, {"model": "placecore.placevisualization", "pk": 241, "fields": {"place": 9, "creation": "2018-11-07T23:58:51.587Z"}}, {"model": "placecore.placevisualization", "pk": 242, "fields": {"place": 9, "creation": "2018-11-07T23:59:11.125Z"}}, {"model": "placecore.placevisualization", "pk": 243, "fields": {"place": 9, "creation": "2018-11-07T23:59:40.347Z"}}, {"model": "placecore.placevisualization", "pk": 244, "fields": {"place": 9, "creation": "2018-11-07T23:59:54.358Z"}}, {"model": "placecore.placevisualization", "pk": 245, "fields": {"place": 9, "creation": "2018-11-08T00:00:14.530Z"}}, {"model": "placecore.placevisualization", "pk": 246, "fields": {"place": 9, "creation": "2018-11-08T00:01:21.899Z"}}, {"model": "placecore.placevisualization", "pk": 247, "fields": {"place": 9, "creation": "2018-11-08T00:01:37.244Z"}}, {"model": "placecore.placevisualization", "pk": 248, "fields": {"place": 9, "creation": "2018-11-08T00:02:22.207Z"}}, {"model": "placecore.placevisualization", "pk": 249, "fields": {"place": 9, "creation": "2018-11-08T00:02:46.057Z"}}, {"model": "placecore.placevisualization", "pk": 250, "fields": {"place": 9, "creation": "2018-11-08T00:03:49.252Z"}}, {"model": "placecore.placevisualization", "pk": 251, "fields": {"place": 9, "creation": "2018-11-08T00:04:44.151Z"}}, {"model": "placecore.placevisualization", "pk": 252, "fields": {"place": 9, "creation": "2018-11-08T00:04:59.357Z"}}, {"model": "placecore.placevisualization", "pk": 253, "fields": {"place": 9, "creation": "2018-11-08T00:10:57.817Z"}}, {"model": "placecore.placevisualization", "pk": 254, "fields": {"place": 9, "creation": "2018-11-08T00:11:07.730Z"}}, {"model": "placecore.placevisualization", "pk": 255, "fields": {"place": 9, "creation": "2018-11-08T17:54:46.862Z"}}, {"model": "placecore.placevisualization", "pk": 256, "fields": {"place": 9, "creation": "2018-11-08T17:57:48.179Z"}}, {"model": "placecore.placevisualization", "pk": 257, "fields": {"place": 9, "creation": "2018-11-08T17:58:12.322Z"}}, {"model": "placecore.placevisualization", "pk": 258, "fields": {"place": 9, "creation": "2018-11-08T17:58:57.157Z"}}, {"model": "placecore.placevisualization", "pk": 259, "fields": {"place": 9, "creation": "2018-11-08T17:59:22.370Z"}}, {"model": "placecore.placevisualization", "pk": 260, "fields": {"place": 9, "creation": "2018-11-08T17:59:52.822Z"}}, {"model": "placecore.placevisualization", "pk": 261, "fields": {"place": 9, "creation": "2018-11-08T18:00:11.147Z"}}, {"model": "placecore.placevisualization", "pk": 262, "fields": {"place": 9, "creation": "2018-11-08T18:00:49.307Z"}}, {"model": "placecore.placevisualization", "pk": 263, "fields": {"place": 9, "creation": "2018-11-08T18:02:10.631Z"}}, {"model": "placecore.placevisualization", "pk": 264, "fields": {"place": 9, "creation": "2018-11-08T18:02:45.780Z"}}, {"model": "placecore.placevisualization", "pk": 265, "fields": {"place": 9, "creation": "2018-11-08T18:03:30.427Z"}}, {"model": "placecore.placevisualization", "pk": 266, "fields": {"place": 9, "creation": "2018-11-08T18:04:18.832Z"}}, {"model": "placecore.placevisualization", "pk": 267, "fields": {"place": 9, "creation": "2018-11-08T18:04:42.585Z"}}, {"model": "placecore.placevisualization", "pk": 268, "fields": {"place": 9, "creation": "2018-11-08T18:05:30.531Z"}}, {"model": "placecore.placevisualization", "pk": 269, "fields": {"place": 9, "creation": "2018-11-08T18:06:49.842Z"}}, {"model": "placecore.placevisualization", "pk": 270, "fields": {"place": 9, "creation": "2018-11-08T18:07:19.084Z"}}, {"model": "placecore.placevisualization", "pk": 271, "fields": {"place": 9, "creation": "2018-11-08T18:21:46.555Z"}}, {"model": "placecore.placevisualization", "pk": 272, "fields": {"place": 9, "creation": "2018-11-08T18:21:46.612Z"}}, {"model": "placecore.placevisualization", "pk": 273, "fields": {"place": 9, "creation": "2018-11-08T18:24:59.533Z"}}, {"model": "placecore.placevisualization", "pk": 274, "fields": {"place": 9, "creation": "2018-11-08T18:26:42.390Z"}}, {"model": "placecore.placevisualization", "pk": 275, "fields": {"place": 9, "creation": "2018-11-08T18:27:44.935Z"}}, {"model": "placecore.placevisualization", "pk": 276, "fields": {"place": 9, "creation": "2018-11-08T18:29:11.680Z"}}, {"model": "placecore.placevisualization", "pk": 277, "fields": {"place": 9, "creation": "2018-11-08T18:29:37.399Z"}}, {"model": "placecore.placevisualization", "pk": 278, "fields": {"place": 9, "creation": "2018-11-09T01:51:45.178Z"}}, {"model": "placecore.placevisualization", "pk": 279, "fields": {"place": 9, "creation": "2018-11-10T01:30:52.678Z"}}, {"model": "placecore.placevisualization", "pk": 280, "fields": {"place": 9, "creation": "2018-11-11T02:15:32.819Z"}}, {"model": "placecore.placevisualization", "pk": 281, "fields": {"place": 9, "creation": "2018-11-12T05:48:26.444Z"}}, {"model": "placecore.placevisualization", "pk": 282, "fields": {"place": 9, "creation": "2018-11-12T05:54:03.301Z"}}, {"model": "placecore.placevisualization", "pk": 283, "fields": {"place": 9, "creation": "2018-11-12T05:54:05.020Z"}}, {"model": "placecore.placevisualization", "pk": 284, "fields": {"place": 9, "creation": "2018-11-12T05:55:21.495Z"}}, {"model": "placecore.placevisualization", "pk": 285, "fields": {"place": 9, "creation": "2018-11-12T05:55:51.590Z"}}, {"model": "placecore.placevisualization", "pk": 286, "fields": {"place": 9, "creation": "2018-11-12T05:56:34.887Z"}}, {"model": "placecore.placevisualization", "pk": 287, "fields": {"place": 9, "creation": "2018-11-12T05:57:59.680Z"}}, {"model": "placecore.placevisualization", "pk": 288, "fields": {"place": 9, "creation": "2018-11-12T05:59:54.973Z"}}, {"model": "placecore.placevisualization", "pk": 289, "fields": {"place": 9, "creation": "2018-11-12T06:01:55.356Z"}}, {"model": "placecore.placevisualization", "pk": 290, "fields": {"place": 9, "creation": "2018-11-12T06:02:37.987Z"}}, {"model": "placecore.placevisualization", "pk": 291, "fields": {"place": 9, "creation": "2018-11-13T15:30:37.262Z"}}, {"model": "placecore.placevisualization", "pk": 292, "fields": {"place": 9, "creation": "2018-11-13T15:31:10.036Z"}}, {"model": "placecore.placevisualization", "pk": 293, "fields": {"place": 9, "creation": "2018-11-13T15:31:27.787Z"}}, {"model": "placecore.placevisualization", "pk": 294, "fields": {"place": 9, "creation": "2018-11-13T15:58:31.215Z"}}, {"model": "placecore.placevisualization", "pk": 295, "fields": {"place": 9, "creation": "2018-11-13T15:59:02.091Z"}}, {"model": "placecore.placevisualization", "pk": 296, "fields": {"place": 9, "creation": "2018-11-13T15:59:35.273Z"}}, {"model": "placecore.placevisualization", "pk": 297, "fields": {"place": 9, "creation": "2018-11-13T15:59:50.908Z"}}, {"model": "placecore.placevisualization", "pk": 298, "fields": {"place": 9, "creation": "2018-11-13T16:00:46.113Z"}}, {"model": "placecore.placevisualization", "pk": 299, "fields": {"place": 9, "creation": "2018-11-13T16:01:41.358Z"}}, {"model": "placecore.placevisualization", "pk": 300, "fields": {"place": 9, "creation": "2018-11-13T16:02:01.024Z"}}, {"model": "placecore.placevisualization", "pk": 301, "fields": {"place": 9, "creation": "2018-11-13T16:02:08.723Z"}}, {"model": "placecore.placevisualization", "pk": 302, "fields": {"place": 9, "creation": "2018-11-13T16:03:12.688Z"}}, {"model": "placecore.placevisualization", "pk": 303, "fields": {"place": 9, "creation": "2018-11-13T16:04:08.468Z"}}, {"model": "placecore.placevisualization", "pk": 304, "fields": {"place": 9, "creation": "2018-11-13T16:05:02.302Z"}}, {"model": "placecore.placevisualization", "pk": 305, "fields": {"place": 9, "creation": "2018-11-13T16:05:16.367Z"}}, {"model": "placecore.placevisualization", "pk": 306, "fields": {"place": 9, "creation": "2018-11-13T16:05:27.420Z"}}, {"model": "placecore.placevisualization", "pk": 307, "fields": {"place": 9, "creation": "2018-11-13T16:06:51.948Z"}}, {"model": "placecore.placevisualization", "pk": 308, "fields": {"place": 9, "creation": "2018-11-13T16:10:25.460Z"}}, {"model": "placecore.placevisualization", "pk": 309, "fields": {"place": 9, "creation": "2018-11-13T16:11:13.635Z"}}, {"model": "placecore.placevisualization", "pk": 310, "fields": {"place": 9, "creation": "2018-11-13T16:11:40.660Z"}}, {"model": "placecore.placevisualization", "pk": 311, "fields": {"place": 9, "creation": "2018-11-13T16:33:58.332Z"}}, {"model": "placecore.placevisualization", "pk": 312, "fields": {"place": 9, "creation": "2018-11-13T16:36:20.579Z"}}, {"model": "placecore.placevisualization", "pk": 313, "fields": {"place": 9, "creation": "2018-11-13T16:36:37.335Z"}}, {"model": "placecore.placevisualization", "pk": 314, "fields": {"place": 9, "creation": "2018-11-13T16:38:53.885Z"}}, {"model": "placecore.placevisualization", "pk": 315, "fields": {"place": 9, "creation": "2018-11-13T16:40:41.878Z"}}, {"model": "placecore.placevisualization", "pk": 316, "fields": {"place": 9, "creation": "2018-11-13T16:40:53.575Z"}}, {"model": "placecore.placevisualization", "pk": 317, "fields": {"place": 9, "creation": "2018-11-13T16:41:11.707Z"}}, {"model": "placecore.placevisualization", "pk": 318, "fields": {"place": 9, "creation": "2018-11-13T16:41:32.946Z"}}, {"model": "placecore.placevisualization", "pk": 319, "fields": {"place": 9, "creation": "2018-11-13T16:41:42.989Z"}}, {"model": "placecore.placevisualization", "pk": 320, "fields": {"place": 9, "creation": "2018-11-13T16:41:58.570Z"}}, {"model": "placecore.placevisualization", "pk": 321, "fields": {"place": 9, "creation": "2018-11-13T16:42:21.341Z"}}, {"model": "placecore.placevisualization", "pk": 322, "fields": {"place": 9, "creation": "2018-11-13T16:44:46.194Z"}}, {"model": "placecore.placevisualization", "pk": 323, "fields": {"place": 9, "creation": "2018-11-13T16:45:10.498Z"}}, {"model": "placecore.placevisualization", "pk": 324, "fields": {"place": 9, "creation": "2018-11-13T16:45:15.374Z"}}, {"model": "placecore.placevisualization", "pk": 325, "fields": {"place": 9, "creation": "2018-11-13T16:45:28.202Z"}}, {"model": "placecore.placevisualization", "pk": 326, "fields": {"place": 9, "creation": "2018-11-13T16:45:36.476Z"}}, {"model": "placecore.placevisualization", "pk": 327, "fields": {"place": 9, "creation": "2018-11-13T16:45:56.453Z"}}, {"model": "placecore.placevisualization", "pk": 328, "fields": {"place": 9, "creation": "2018-11-13T16:46:16.629Z"}}, {"model": "placecore.placevisualization", "pk": 329, "fields": {"place": 9, "creation": "2018-11-13T16:46:30.670Z"}}, {"model": "placecore.placevisualization", "pk": 330, "fields": {"place": 9, "creation": "2018-11-13T16:46:41.972Z"}}, {"model": "placecore.placevisualization", "pk": 331, "fields": {"place": 9, "creation": "2018-11-13T16:47:10.610Z"}}, {"model": "placecore.placevisualization", "pk": 332, "fields": {"place": 9, "creation": "2018-11-13T16:47:25.714Z"}}, {"model": "placecore.placevisualization", "pk": 333, "fields": {"place": 9, "creation": "2018-11-13T16:48:01.688Z"}}, {"model": "placecore.placevisualization", "pk": 334, "fields": {"place": 9, "creation": "2018-11-13T16:49:46.534Z"}}, {"model": "placecore.placevisualization", "pk": 335, "fields": {"place": 9, "creation": "2018-11-13T16:49:56.665Z"}}, {"model": "placecore.placevisualization", "pk": 336, "fields": {"place": 9, "creation": "2018-11-13T16:50:06.753Z"}}, {"model": "placecore.placevisualization", "pk": 337, "fields": {"place": 9, "creation": "2018-11-13T16:51:02.661Z"}}, {"model": "placecore.placevisualization", "pk": 338, "fields": {"place": 9, "creation": "2018-11-13T16:51:23.728Z"}}, {"model": "placecore.placevisualization", "pk": 339, "fields": {"place": 9, "creation": "2018-11-13T16:51:31.795Z"}}, {"model": "placecore.placevisualization", "pk": 340, "fields": {"place": 9, "creation": "2018-11-13T16:51:50.450Z"}}, {"model": "placecore.placevisualization", "pk": 341, "fields": {"place": 9, "creation": "2018-11-13T16:53:08.506Z"}}, {"model": "placecore.placevisualization", "pk": 342, "fields": {"place": 9, "creation": "2018-11-13T16:53:18.556Z"}}, {"model": "placecore.placevisualization", "pk": 343, "fields": {"place": 9, "creation": "2018-11-13T16:54:31.469Z"}}, {"model": "placecore.placevisualization", "pk": 344, "fields": {"place": 9, "creation": "2018-11-13T16:54:53.811Z"}}, {"model": "placecore.placevisualization", "pk": 345, "fields": {"place": 9, "creation": "2018-11-13T16:55:09.376Z"}}, {"model": "placecore.placevisualization", "pk": 346, "fields": {"place": 9, "creation": "2018-11-13T16:55:26.136Z"}}, {"model": "placecore.placevisualization", "pk": 347, "fields": {"place": 9, "creation": "2018-11-13T16:55:45.683Z"}}, {"model": "placecore.placevisualization", "pk": 348, "fields": {"place": 9, "creation": "2018-11-13T16:56:04.112Z"}}, {"model": "placecore.placevisualization", "pk": 349, "fields": {"place": 9, "creation": "2018-11-13T16:56:18.354Z"}}, {"model": "placecore.placevisualization", "pk": 350, "fields": {"place": 9, "creation": "2018-11-13T16:56:29.866Z"}}, {"model": "placecore.placevisualization", "pk": 351, "fields": {"place": 9, "creation": "2018-11-13T16:56:37.651Z"}}, {"model": "placecore.placevisualization", "pk": 352, "fields": {"place": 9, "creation": "2018-11-13T16:57:02.323Z"}}, {"model": "placecore.placevisualization", "pk": 353, "fields": {"place": 9, "creation": "2018-11-13T17:33:41.477Z"}}, {"model": "placecore.placevisualization", "pk": 354, "fields": {"place": 9, "creation": "2018-11-13T17:34:00.905Z"}}, {"model": "placecore.placevisualization", "pk": 355, "fields": {"place": 9, "creation": "2018-11-13T17:35:00.340Z"}}, {"model": "placecore.placevisualization", "pk": 356, "fields": {"place": 9, "creation": "2018-11-13T17:36:01.000Z"}}, {"model": "placecore.placevisualization", "pk": 357, "fields": {"place": 9, "creation": "2018-11-13T17:36:26.947Z"}}, {"model": "placecore.placevisualization", "pk": 358, "fields": {"place": 9, "creation": "2018-11-13T17:38:03.599Z"}}, {"model": "placecore.placevisualization", "pk": 359, "fields": {"place": 9, "creation": "2018-11-13T17:39:10.081Z"}}, {"model": "placecore.placevisualization", "pk": 360, "fields": {"place": 9, "creation": "2018-11-13T17:39:55.086Z"}}, {"model": "placecore.placevisualization", "pk": 361, "fields": {"place": 9, "creation": "2018-11-13T17:41:07.909Z"}}, {"model": "placecore.placevisualization", "pk": 362, "fields": {"place": 9, "creation": "2018-11-13T17:42:05.797Z"}}, {"model": "placecore.placevisualization", "pk": 363, "fields": {"place": 9, "creation": "2018-11-13T17:42:20.214Z"}}, {"model": "placecore.placevisualization", "pk": 364, "fields": {"place": 9, "creation": "2018-11-13T17:42:35.404Z"}}, {"model": "placecore.placevisualization", "pk": 365, "fields": {"place": 9, "creation": "2018-11-13T17:43:18.708Z"}}, {"model": "placecore.placevisualization", "pk": 366, "fields": {"place": 9, "creation": "2018-11-14T12:18:14.726Z"}}, {"model": "placecore.placevisualization", "pk": 367, "fields": {"place": 9, "creation": "2018-11-14T12:19:14.054Z"}}, {"model": "placecore.placevisualization", "pk": 369, "fields": {"place": 9, "creation": "2018-11-14T12:20:04.548Z"}}, {"model": "placecore.placevisualization", "pk": 370, "fields": {"place": 9, "creation": "2018-11-14T12:26:40.698Z"}}, {"model": "placecore.placevisualization", "pk": 371, "fields": {"place": 9, "creation": "2018-11-14T12:31:28.922Z"}}, {"model": "placecore.placevisualization", "pk": 372, "fields": {"place": 9, "creation": "2018-11-15T13:37:54.394Z"}}, {"model": "placecore.placevisualization", "pk": 373, "fields": {"place": 9, "creation": "2018-11-15T13:42:12.333Z"}}, {"model": "placecore.placevisualization", "pk": 374, "fields": {"place": 9, "creation": "2018-11-15T14:11:11.655Z"}}, {"model": "placecore.placevisualization", "pk": 375, "fields": {"place": 9, "creation": "2018-11-15T14:54:19.240Z"}}, {"model": "placecore.placevisualization", "pk": 376, "fields": {"place": 9, "creation": "2018-11-15T15:03:11.945Z"}}, {"model": "placecore.placevisualization", "pk": 377, "fields": {"place": 9, "creation": "2018-11-15T15:04:05.883Z"}}, {"model": "placecore.placevisualization", "pk": 378, "fields": {"place": 9, "creation": "2018-11-15T18:30:15.039Z"}}, {"model": "placecore.placevisualization", "pk": 379, "fields": {"place": 9, "creation": "2018-11-15T18:30:35.162Z"}}, {"model": "placecore.placevisualization", "pk": 380, "fields": {"place": 9, "creation": "2018-11-15T19:11:52.203Z"}}, {"model": "placecore.placevisualization", "pk": 381, "fields": {"place": 9, "creation": "2018-11-15T19:13:27.169Z"}}, {"model": "placecore.placevisualization", "pk": 382, "fields": {"place": 9, "creation": "2018-11-15T19:13:46.244Z"}}, {"model": "placecore.placevisualization", "pk": 383, "fields": {"place": 9, "creation": "2018-11-15T19:14:36.784Z"}}, {"model": "placecore.placevisualization", "pk": 384, "fields": {"place": 9, "creation": "2018-11-15T19:14:48.339Z"}}, {"model": "placecore.placevisualization", "pk": 385, "fields": {"place": 9, "creation": "2018-11-15T19:15:11.529Z"}}, {"model": "placecore.placevisualization", "pk": 386, "fields": {"place": 9, "creation": "2018-11-15T19:41:49.254Z"}}, {"model": "placecore.placevisualization", "pk": 387, "fields": {"place": 9, "creation": "2018-11-15T20:21:55.132Z"}}, {"model": "placecore.placevisualization", "pk": 388, "fields": {"place": 9, "creation": "2018-11-15T20:36:19.899Z"}}, {"model": "placecore.placevisualization", "pk": 389, "fields": {"place": 9, "creation": "2018-11-15T20:37:44.356Z"}}, {"model": "placecore.placevisualization", "pk": 390, "fields": {"place": 9, "creation": "2018-11-15T20:40:00.521Z"}}, {"model": "placecore.placevisualization", "pk": 391, "fields": {"place": 9, "creation": "2018-11-15T20:40:27.390Z"}}, {"model": "placecore.placevisualization", "pk": 392, "fields": {"place": 9, "creation": "2018-11-15T20:49:42.796Z"}}, {"model": "placecore.placevisualization", "pk": 393, "fields": {"place": 9, "creation": "2018-11-15T20:54:30.405Z"}}, {"model": "placecore.placevisualization", "pk": 394, "fields": {"place": 9, "creation": "2018-11-15T21:03:31.105Z"}}, {"model": "placecore.placevisualization", "pk": 395, "fields": {"place": 9, "creation": "2018-11-15T21:12:45.675Z"}}, {"model": "placecore.placevisualization", "pk": 396, "fields": {"place": 9, "creation": "2018-11-15T21:26:03.787Z"}}, {"model": "placecore.placevisualization", "pk": 397, "fields": {"place": 9, "creation": "2018-11-15T21:28:13.305Z"}}, {"model": "placecore.placevisualization", "pk": 398, "fields": {"place": 9, "creation": "2018-11-15T21:28:18.864Z"}}, {"model": "placecore.placevisualization", "pk": 399, "fields": {"place": 9, "creation": "2018-11-15T22:15:02.951Z"}}, {"model": "placecore.placevisualization", "pk": 400, "fields": {"place": 9, "creation": "2018-11-19T09:31:27.542Z"}}, {"model": "placecore.placevisualization", "pk": 401, "fields": {"place": 9, "creation": "2018-11-22T06:01:32.919Z"}}, {"model": "placecore.placevisualization", "pk": 402, "fields": {"place": 9, "creation": "2018-11-22T06:02:28.128Z"}}, {"model": "placecore.placevisualization", "pk": 403, "fields": {"place": 9, "creation": "2018-11-22T06:15:12.709Z"}}, {"model": "placecore.placevisualization", "pk": 404, "fields": {"place": 9, "creation": "2018-11-22T06:16:30.654Z"}}, {"model": "placecore.placevisualization", "pk": 405, "fields": {"place": 9, "creation": "2018-11-22T06:17:02.877Z"}}, {"model": "placecore.placevisualization", "pk": 406, "fields": {"place": 9, "creation": "2018-11-22T06:17:46.303Z"}}, {"model": "placecore.placevisualization", "pk": 407, "fields": {"place": 9, "creation": "2018-11-22T06:19:02.350Z"}}, {"model": "placecore.placevisualization", "pk": 408, "fields": {"place": 9, "creation": "2018-11-22T06:19:25.446Z"}}, {"model": "placecore.placevisualization", "pk": 409, "fields": {"place": 9, "creation": "2018-11-22T06:20:23.712Z"}}, {"model": "placecore.placevisualization", "pk": 410, "fields": {"place": 9, "creation": "2018-11-22T06:20:49.935Z"}}, {"model": "placecore.placevisualization", "pk": 411, "fields": {"place": 9, "creation": "2018-11-22T06:21:28.847Z"}}, {"model": "placecore.placevisualization", "pk": 412, "fields": {"place": 9, "creation": "2018-11-22T06:21:43.831Z"}}, {"model": "placecore.placevisualization", "pk": 413, "fields": {"place": 9, "creation": "2018-11-22T06:21:51.099Z"}}, {"model": "placecore.placevisualization", "pk": 414, "fields": {"place": 9, "creation": "2018-11-23T00:59:03.661Z"}}, {"model": "placecore.placevisualization", "pk": 415, "fields": {"place": 9, "creation": "2018-11-23T01:00:43.840Z"}}, {"model": "placecore.placevisualization", "pk": 416, "fields": {"place": 9, "creation": "2018-11-23T01:15:27.441Z"}}, {"model": "placecore.placevisualization", "pk": 417, "fields": {"place": 9, "creation": "2018-11-23T01:35:01.541Z"}}, {"model": "placecore.placevisualization", "pk": 418, "fields": {"place": 9, "creation": "2018-11-23T01:35:17.874Z"}}, {"model": "placecore.placevisualization", "pk": 419, "fields": {"place": 9, "creation": "2018-11-23T02:50:37.723Z"}}, {"model": "placecore.placevisualization", "pk": 420, "fields": {"place": 9, "creation": "2018-11-23T02:51:30.058Z"}}, {"model": "placecore.placevisualization", "pk": 421, "fields": {"place": 9, "creation": "2018-12-02T00:39:17.307Z"}}, {"model": "placecore.placevisualization", "pk": 422, "fields": {"place": 9, "creation": "2018-12-02T00:49:50.638Z"}}, {"model": "placecore.placevisualization", "pk": 423, "fields": {"place": 9, "creation": "2018-12-03T13:52:51.928Z"}}, {"model": "placecore.photoprovisory", "pk": 1, "fields": {"photo": "place/photoprovisory/WWW.YTS.AG.jpg"}}, {"model": "placecore.photoprovisory", "pk": 2, "fields": {"photo": "place/photoprovisory/WWW.YTS.AG_UDVLKno.jpg"}}, {"model": "placecore.photoprovisory", "pk": 3, "fields": {"photo": "place/photoprovisory/WWW.YTS.AG_4EKAhD2.jpg"}}, {"model": "placecore.photoprovisory", "pk": 4, "fields": {"photo": "place/photoprovisory/WWW.YTS.AG_TqdOmqP.jpg"}}, {"model": "placecore.photoprovisory", "pk": 5, "fields": {"photo": "place/photoprovisory/WWW.YTS.AG_an3PmDp.jpg"}}, {"model": "placecore.photoprovisory", "pk": 6, "fields": {"photo": "place/photoprovisory/WWW.YTS.AG_uYRKcON.jpg"}}, {"model": "placecore.photoprovisory", "pk": 7, "fields": {"photo": "place/photoprovisory/WWW.YTS.AG_xqd4E4q.jpg"}}, {"model": "placecore.photoprovisory", "pk": 8, "fields": {"photo": "place/photoprovisory/WWW.YTS.AG_mReKEtx.jpg"}}, {"model": "placecore.photoprovisory", "pk": 9, "fields": {"photo": "place/photoprovisory/WWW.YTS.AG_GanmWyo.jpg"}}, {"model": "placecore.photoprovisory", "pk": 10, "fields": {"photo": "place/photoprovisory/WWW.YTS.AG_OFWqETR.jpg"}}, {"model": "placecore.photoprovisory", "pk": 11, "fields": {"photo": "place/photoprovisory/WWW.YTS.AG_2Ffy6Ay.jpg"}}, {"model": "placecore.photoprovisory", "pk": 12, "fields": {"photo": "place/photoprovisory/WWW.YTS.AG_fJOvRpn.jpg"}}, {"model": "placecore.photoprovisory", "pk": 13, "fields": {"photo": "place/photoprovisory/WWW.YTS.AG_7STE3Wq.jpg"}}, {"model": "placecore.photoprovisory", "pk": 14, "fields": {"photo": "place/photoprovisory/WWW.YTS.AG_ZKdEb77.jpg"}}, {"model": "placecore.photoprovisory", "pk": 15, "fields": {"photo": "place/photoprovisory/WWW.YTS.AG_XBwo1ju.jpg"}}, {"model": "placecore.photoprovisory", "pk": 16, "fields": {"photo": "place/photoprovisory/WWW.YTS.AG_fh17ldC.jpg"}}, {"model": "placecore.photoprovisory", "pk": 17, "fields": {"photo": "place/photoprovisory/WWW.YTS.AG_9hZtIAw.jpg"}}, {"model": "placecore.photoprovisory", "pk": 18, "fields": {"photo": "place/photoprovisory/WWW.YTS.AG_Fx9cVXY.jpg"}}, {"model": "placecore.photoprovisory", "pk": 19, "fields": {"photo": "place/photoprovisory/WWW.YTS.AG_s9DRfZI.jpg"}}, {"model": "placecore.photoprovisory", "pk": 20, "fields": {"photo": "place/photoprovisory/WWW.YTS.AG_hX1CMVr.jpg"}}, {"model": "placecore.photoprovisory", "pk": 21, "fields": {"photo": "place/photoprovisory/WWW.YTS.AG_f5RTENM.jpg"}}, {"model": "placecore.photoprovisory", "pk": 22, "fields": {"photo": "place/photoprovisory/WWW.YTS.AG_CYKeHUp.jpg"}}, {"model": "placecore.photoprovisory", "pk": 23, "fields": {"photo": "place/photoprovisory/WWW.YTS.AG_OLXXTd6.jpg"}}, {"model": "placecore.photoprovisory", "pk": 24, "fields": {"photo": "place/photoprovisory/WWW.YTS.AG_N1ehk3m.jpg"}}, {"model": "placecore.photoprovisory", "pk": 25, "fields": {"photo": "place/photoprovisory/WWW.YTS.AG_jbC1DKP.jpg"}}, {"model": "placecore.photoprovisory", "pk": 26, "fields": {"photo": "place/photoprovisory/standing-up-man-_1.png"}}, {"model": "placecore.photoprovisory", "pk": 27, "fields": {"photo": "place/photoprovisory/Logo-123-final-02.png"}}, {"model": "placecore.photoprovisory", "pk": 28, "fields": {"photo": "place/photoprovisory/WhatsApp_Image_2018-06-25_at_19.32.25.jpeg"}}, {"model": "placecore.photoprovisory", "pk": 29, "fields": {"photo": "place/photoprovisory/standing-up-man-_1_WpPqbEf.png"}}, {"model": "placecore.photoprovisory", "pk": 30, "fields": {"photo": "place/photoprovisory/WhatsApp_Image_2018-06-25_at_21.37.55_xSPw0Ek.jpeg"}}, {"model": "placecore.photoprovisory", "pk": 31, "fields": {"photo": "place/photoprovisory/WhatsApp_Image_2018-06-25_at_19.32.09.jpeg"}}, {"model": "placecore.photoprovisory", "pk": 32, "fields": {"photo": "place/photoprovisory/Logo-123-final-02_ifYWGJi.png"}}, {"model": "placecore.photoprovisory", "pk": 33, "fields": {"photo": "place/photoprovisory/standing-up-man-_1_tiXwQz1.png"}}, {"model": "placecore.photoprovisory", "pk": 34, "fields": {"photo": "place/photoprovisory/WhatsApp_Image_2018-06-25_at_21.37.55_yQUXDCQ.jpeg"}}, {"model": "placecore.photoprovisory", "pk": 35, "fields": {"photo": "place/photoprovisory/Logo-123-final-02_zmFw1wX.png"}}, {"model": "placecore.photoprovisory", "pk": 36, "fields": {"photo": "place/photoprovisory/standing-up-man-_1_bT3MHqw.png"}}, {"model": "placecore.photoprovisory", "pk": 37, "fields": {"photo": "place/photoprovisory/WhatsApp_Image_2018-06-25_at_21.37.55_1qGYLnd.jpeg"}}, {"model": "placecore.photoprovisory", "pk": 38, "fields": {"photo": "place/photoprovisory/Logo-123-final-02_gwvfC8y.png"}}, {"model": "placecore.photoprovisory", "pk": 39, "fields": {"photo": "place/photoprovisory/standing-up-man-_1_FBurcQw.png"}}, {"model": "placecore.photoprovisory", "pk": 40, "fields": {"photo": "place/photoprovisory/WhatsApp_Image_2018-06-25_at_21.37.55_l12KVRp.jpeg"}}, {"model": "placecore.photoprovisory", "pk": 41, "fields": {"photo": "place/photoprovisory/standing-up-man-_1_sQQyZS2.png"}}, {"model": "placecore.photoprovisory", "pk": 42, "fields": {"photo": "place/photoprovisory/WhatsApp_Image_2018-06-25_at_21.37.55_7YpgOcB.jpeg"}}, {"model": "placecore.photoprovisory", "pk": 43, "fields": {"photo": "place/photoprovisory/WhatsApp_Image_2018-06-25_at_19.32.09_6upbxs3.jpeg"}}, {"model": "placecore.photoprovisory", "pk": 44, "fields": {"photo": "place/photoprovisory/Logo-123-final-02_XMtCZ83.png"}}, {"model": "placecore.photoprovisory", "pk": 45, "fields": {"photo": "place/photoprovisory/standing-up-man-_1_tLpOQBb.png"}}, {"model": "placecore.photoprovisory", "pk": 46, "fields": {"photo": "place/photoprovisory/WhatsApp_Image_2018-06-25_at_21.37.55_HUx43Fr.jpeg"}}, {"model": "placecore.photoprovisory", "pk": 47, "fields": {"photo": "place/photoprovisory/Logo-123-final-02_L3CuJVN.png"}}, {"model": "placecore.photoprovisory", "pk": 48, "fields": {"photo": "place/photoprovisory/standing-up-man-_1_DytDJzc.png"}}, {"model": "placecore.photoprovisory", "pk": 49, "fields": {"photo": "place/photoprovisory/WhatsApp_Image_2018-06-25_at_21.37.55_NyJw1kX.jpeg"}}, {"model": "placecore.photoprovisory", "pk": 50, "fields": {"photo": "place/photoprovisory/Logo-123-final-02_lh7yT48.png"}}, {"model": "placecore.photoprovisory", "pk": 51, "fields": {"photo": "place/photoprovisory/standing-up-man-_1_VU7Vry8.png"}}, {"model": "placecore.photoprovisory", "pk": 52, "fields": {"photo": "place/photoprovisory/WhatsApp_Image_2018-06-25_at_21.37.55_qJ2ft7V.jpeg"}}, {"model": "placecore.photoprovisory", "pk": 53, "fields": {"photo": "place/photoprovisory/Logo-123-final-02_8IRtglG.png"}}, {"model": "placecore.photoprovisory", "pk": 54, "fields": {"photo": "place/photoprovisory/standing-up-man-_1_3JvAkon.png"}}, {"model": "placecore.photoprovisory", "pk": 55, "fields": {"photo": "place/photoprovisory/WhatsApp_Image_2018-06-25_at_21.37.55_xkc2fxs.jpeg"}}, {"model": "placecore.photoprovisory", "pk": 56, "fields": {"photo": "place/photoprovisory/Logo-123-final-02_CE4xz8a.png"}}, {"model": "placecore.photoprovisory", "pk": 57, "fields": {"photo": "place/photoprovisory/standing-up-man-_1_sWlOIqL.png"}}, {"model": "placecore.photoprovisory", "pk": 58, "fields": {"photo": "place/photoprovisory/WhatsApp_Image_2018-06-25_at_21.37.55_kuohaMI.jpeg"}}, {"model": "placecore.photoprovisory", "pk": 59, "fields": {"photo": "place/photoprovisory/Logo-123-final-02_BvJBkT7.png"}}, {"model": "placecore.photoprovisory", "pk": 60, "fields": {"photo": "place/photoprovisory/standing-up-man-_1_SRoW83a.png"}}, {"model": "placecore.photoprovisory", "pk": 61, "fields": {"photo": "place/photoprovisory/WhatsApp_Image_2018-06-25_at_21.37.55_IjS6cEN.jpeg"}}, {"model": "placecore.photoprovisory", "pk": 62, "fields": {"photo": "place/photoprovisory/Logo-123-final-02_tQgORCL.png"}}, {"model": "placecore.photoprovisory", "pk": 63, "fields": {"photo": "place/photoprovisory/standing-up-man-_1_ILPbCY4.png"}}, {"model": "placecore.photoprovisory", "pk": 64, "fields": {"photo": "place/photoprovisory/WhatsApp_Image_2018-06-25_at_21.37.55_N4oa9mX.jpeg"}}, {"model": "placecore.photoprovisory", "pk": 65, "fields": {"photo": "place/photoprovisory/Logo-123-final-02_VaVBffv.png"}}, {"model": "placecore.photoprovisory", "pk": 66, "fields": {"photo": "place/photoprovisory/standing-up-man-_1_fREYLjy.png"}}, {"model": "placecore.photoprovisory", "pk": 67, "fields": {"photo": "place/photoprovisory/WhatsApp_Image_2018-06-25_at_21.37.55_ioHewke.jpeg"}}, {"model": "placecore.photoprovisory", "pk": 68, "fields": {"photo": "place/photoprovisory/Logo-123-final-02_PmGWrDN.png"}}, {"model": "placecore.photoprovisory", "pk": 69, "fields": {"photo": "place/photoprovisory/standing-up-man-_1_grjj0uy.png"}}, {"model": "placecore.photoprovisory", "pk": 70, "fields": {"photo": "place/photoprovisory/WhatsApp_Image_2018-06-25_at_21.37.55_Y0wMDMd.jpeg"}}, {"model": "placecore.photoprovisory", "pk": 71, "fields": {"photo": "place/photoprovisory/Logo-123-final-02_h37XOCO.png"}}, {"model": "placecore.photoprovisory", "pk": 72, "fields": {"photo": "place/photoprovisory/standing-up-man-_1_1GT2YIU.png"}}, {"model": "placecore.photoprovisory", "pk": 73, "fields": {"photo": "place/photoprovisory/WhatsApp_Image_2018-06-25_at_21.37.55_TI8iPAu.jpeg"}}, {"model": "placecore.photoprovisory", "pk": 74, "fields": {"photo": "place/photoprovisory/Logo-123-final-02_hs8Ouhc.png"}}, {"model": "placecore.photoprovisory", "pk": 75, "fields": {"photo": "place/photoprovisory/standing-up-man-_1_C0nTecf.png"}}, {"model": "placecore.photoprovisory", "pk": 76, "fields": {"photo": "place/photoprovisory/WhatsApp_Image_2018-06-25_at_21.37.55_ZhR76JT.jpeg"}}, {"model": "placecore.photoprovisory", "pk": 77, "fields": {"photo": "place/photoprovisory/Logo-123-final-02_vUZTHIt.png"}}, {"model": "placecore.photoprovisory", "pk": 78, "fields": {"photo": "place/photoprovisory/standing-up-man-_1_MFR791M.png"}}, {"model": "placecore.photoprovisory", "pk": 79, "fields": {"photo": "place/photoprovisory/WhatsApp_Image_2018-06-25_at_21.37.55_bYcYyh1.jpeg"}}, {"model": "placecore.photoprovisory", "pk": 80, "fields": {"photo": "place/photoprovisory/Logo-123-final-02_w28Irk1.png"}}, {"model": "placecore.photoprovisory", "pk": 81, "fields": {"photo": "place/photoprovisory/standing-up-man-_1_MCyNtcm.png"}}, {"model": "placecore.photoprovisory", "pk": 82, "fields": {"photo": "place/photoprovisory/WhatsApp_Image_2018-06-25_at_21.37.55_SukYfIr.jpeg"}}, {"model": "placecore.photoprovisory", "pk": 83, "fields": {"photo": "place/photoprovisory/Logo-123-final-02_uKrPhjJ.png"}}, {"model": "placecore.photoprovisory", "pk": 84, "fields": {"photo": "place/photoprovisory/standing-up-man-_1_WsPyO95.png"}}, {"model": "placecore.photoprovisory", "pk": 85, "fields": {"photo": "place/photoprovisory/WhatsApp_Image_2018-06-25_at_21.37.55_lzTVnDH.jpeg"}}, {"model": "placecore.photoprovisory", "pk": 86, "fields": {"photo": "place/photoprovisory/Logo-123-final-02_qzjHxq8.png"}}, {"model": "placecore.photoprovisory", "pk": 87, "fields": {"photo": "place/photoprovisory/standing-up-man-_1_9UyuXwD.png"}}, {"model": "placecore.photoprovisory", "pk": 88, "fields": {"photo": "place/photoprovisory/WhatsApp_Image_2018-06-25_at_21.37.55_324thDE.jpeg"}}, {"model": "placecore.photoprovisory", "pk": 89, "fields": {"photo": "place/photoprovisory/Logo-123-final-02_fFtP3Ls.png"}}, {"model": "placecore.photoprovisory", "pk": 90, "fields": {"photo": "place/photoprovisory/standing-up-man-_1_Ec08bcX.png"}}, {"model": "placecore.photoprovisory", "pk": 91, "fields": {"photo": "place/photoprovisory/WhatsApp_Image_2018-06-25_at_21.37.55_KnGFh2a.jpeg"}}, {"model": "placecore.photoprovisory", "pk": 92, "fields": {"photo": "place/photoprovisory/Logo-123-final-02_pIBjptR.png"}}, {"model": "placecore.photoprovisory", "pk": 93, "fields": {"photo": "place/photoprovisory/standing-up-man-_1_BCO6ByD.png"}}, {"model": "placecore.photoprovisory", "pk": 94, "fields": {"photo": "place/photoprovisory/WhatsApp_Image_2018-06-25_at_21.37.55_q6vZlzC.jpeg"}}, {"model": "placecore.photoprovisory", "pk": 95, "fields": {"photo": "place/photoprovisory/Logo-123-final-02_C4MAYqV.png"}}, {"model": "placecore.photoprovisory", "pk": 96, "fields": {"photo": "place/photoprovisory/standing-up-man-_1_5xD7sRi.png"}}, {"model": "placecore.photoprovisory", "pk": 97, "fields": {"photo": "place/photoprovisory/WhatsApp_Image_2018-06-25_at_21.37.55_D8NUQIk.jpeg"}}, {"model": "placecore.photoprovisory", "pk": 98, "fields": {"photo": "place/photoprovisory/Logo-123-final-02_mhI0q2M.png"}}, {"model": "placecore.photoprovisory", "pk": 99, "fields": {"photo": "place/photoprovisory/standing-up-man-_1_EMr1228.png"}}, {"model": "placecore.photoprovisory", "pk": 100, "fields": {"photo": "place/photoprovisory/WhatsApp_Image_2018-06-25_at_21.37.55_MwEUrhs.jpeg"}}, {"model": "placecore.photoprovisory", "pk": 101, "fields": {"photo": "place/photoprovisory/Logo-123-final-02_6ziWKVv.png"}}, {"model": "placecore.photoprovisory", "pk": 102, "fields": {"photo": "place/photoprovisory/standing-up-man-_1_Fxosz3t.png"}}, {"model": "placecore.photoprovisory", "pk": 103, "fields": {"photo": "place/photoprovisory/WhatsApp_Image_2018-06-25_at_21.37.55_tt5m26l.jpeg"}}, {"model": "placecore.photoprovisory", "pk": 104, "fields": {"photo": "place/photoprovisory/Logo-123-final-02_U1QZ90T.png"}}, {"model": "placecore.photoprovisory", "pk": 105, "fields": {"photo": "place/photoprovisory/standing-up-man-_1_vyWYYg5.png"}}, {"model": "placecore.photoprovisory", "pk": 106, "fields": {"photo": "place/photoprovisory/WhatsApp_Image_2018-06-25_at_21.37.55_Ybmr34t.jpeg"}}, {"model": "placecore.photoprovisory", "pk": 107, "fields": {"photo": "place/photoprovisory/Logo-123-final-02_Vjj8F2Y.png"}}, {"model": "placecore.photoprovisory", "pk": 108, "fields": {"photo": "place/photoprovisory/standing-up-man-_1_6Il4QsI.png"}}, {"model": "placecore.photoprovisory", "pk": 109, "fields": {"photo": "place/photoprovisory/WhatsApp_Image_2018-06-25_at_21.37.55_4dLyIS6.jpeg"}}, {"model": "placecore.photoprovisory", "pk": 110, "fields": {"photo": "place/photoprovisory/Logo-123-final-02_HFYa1wA.png"}}, {"model": "placecore.photoprovisory", "pk": 111, "fields": {"photo": "place/photoprovisory/standing-up-man-_1_n5qq2Y8.png"}}, {"model": "placecore.photoprovisory", "pk": 112, "fields": {"photo": "place/photoprovisory/WhatsApp_Image_2018-06-25_at_21.37.55_6IAeESG.jpeg"}}, {"model": "placecore.photoprovisory", "pk": 113, "fields": {"photo": "place/photoprovisory/Logo-123-final-02_BFWxtfd.png"}}, {"model": "placecore.photoprovisory", "pk": 114, "fields": {"photo": "place/photoprovisory/standing-up-man-_1_DNvGPNQ.png"}}, {"model": "placecore.photoprovisory", "pk": 115, "fields": {"photo": "place/photoprovisory/WhatsApp_Image_2018-06-25_at_21.37.55_XNGgvE4.jpeg"}}, {"model": "placecore.photoprovisory", "pk": 116, "fields": {"photo": "place/photoprovisory/WWW.YTS.RE_1qeadxp.jpg"}}, {"model": "placecore.photoprovisory", "pk": 117, "fields": {"photo": "place/photoprovisory/WWW.YTS.RE_n570RHe.jpg"}}, {"model": "placecore.photoprovisory", "pk": 118, "fields": {"photo": "place/photoprovisory/WWW.YTS.RE_DZyEcpu.jpg"}}, {"model": "placecore.photoprovisory", "pk": 119, "fields": {"photo": "place/photoprovisory/WWW.YTS.RE_FzOuipM.jpg"}}, {"model": "placecore.photoprovisory", "pk": 120, "fields": {"photo": "place/photoprovisory/WWW.YTS.RE_BDP9iXe.jpg"}}, {"model": "placecore.photoprovisory", "pk": 121, "fields": {"photo": "place/photoprovisory/Logo-123-final-02_T773qaC.png"}}, {"model": "placecore.photoprovisory", "pk": 122, "fields": {"photo": "place/photoprovisory/standing-up-man-_1_BVHFsqF.png"}}, {"model": "placecore.photoprovisory", "pk": 123, "fields": {"photo": "place/photoprovisory/Logo-123-final-02_pgRAAVE.png"}}, {"model": "placecore.photoprovisory", "pk": 124, "fields": {"photo": "place/photoprovisory/Logo-123-final-02_1jbP8gV.png"}}, {"model": "placecore.photoprovisory", "pk": 125, "fields": {"photo": "place/photoprovisory/WWW.YTS.RE_NiTIoeW.jpg"}}, {"model": "placecore.photoprovisory", "pk": 126, "fields": {"photo": "place/photoprovisory/WWW.YTS.RE_7phIFew.jpg"}}, {"model": "placecore.photoprovisory", "pk": 127, "fields": {"photo": "place/photoprovisory/Logo-123-final-02_oiqqYK5.png"}}, {"model": "placecore.photoprovisory", "pk": 128, "fields": {"photo": "place/photoprovisory/Logo-123-final-02_3dC2OBm.png"}}, {"model": "placecore.photoprovisory", "pk": 129, "fields": {"photo": "place/photoprovisory/standing-up-man-_1_hkQ7u1n.png"}}, {"model": "placecore.photoprovisory", "pk": 130, "fields": {"photo": "place/photoprovisory/WhatsApp_Image_2018-06-25_at_21.37.55_2iFMaSE.jpeg"}}, {"model": "placecore.photoprovisory", "pk": 131, "fields": {"photo": "place/photoprovisory/WWW.YTS.RE_4z4Mweo.jpg"}}, {"model": "placecore.photoprovisory", "pk": 132, "fields": {"photo": "place/photoprovisory/Logo-123-final-02_FcYtZMb.png"}}, {"model": "placecore.photoprovisory", "pk": 133, "fields": {"photo": "place/photoprovisory/standing-up-man-_1_8Y5M51J.png"}}, {"model": "placecore.photoprovisory", "pk": 134, "fields": {"photo": "place/photoprovisory/WhatsApp_Image_2018-06-25_at_21.37.55_ZC5LJcC.jpeg"}}, {"model": "placecore.photoprovisory", "pk": 135, "fields": {"photo": "place/photoprovisory/Logo-123-final-02_ilCERcf.png"}}, {"model": "placecore.photoprovisory", "pk": 136, "fields": {"photo": "place/photoprovisory/standing-up-man-_1_YiiHOch.png"}}, {"model": "placecore.photoprovisory", "pk": 137, "fields": {"photo": "place/photoprovisory/WhatsApp_Image_2018-06-25_at_21.37.55_1297jJm.jpeg"}}, {"model": "placecore.photoprovisory", "pk": 138, "fields": {"photo": "place/photoprovisory/Logo-123-final-02_BBqEg9a.png"}}, {"model": "placecore.photoprovisory", "pk": 139, "fields": {"photo": "place/photoprovisory/standing-up-man-_1_g0MmCkc.png"}}, {"model": "placecore.photoprovisory", "pk": 140, "fields": {"photo": "place/photoprovisory/WhatsApp_Image_2018-06-25_at_21.37.55_XXhAvcM.jpeg"}}, {"model": "placecore.photoprovisory", "pk": 141, "fields": {"photo": "place/photoprovisory/Logo-123-final-02_SAqQNes.png"}}, {"model": "placecore.photoprovisory", "pk": 142, "fields": {"photo": "place/photoprovisory/Logo-123-final-02_fFCBp4l.png"}}, {"model": "placecore.photoprovisory", "pk": 143, "fields": {"photo": "place/photoprovisory/Logo-123-final-02_AyuUY7d.png"}}, {"model": "placecore.photoprovisory", "pk": 144, "fields": {"photo": "place/photoprovisory/Logo-123-final-02_aMiv3Q3.png"}}, {"model": "placecore.photoprovisory", "pk": 145, "fields": {"photo": "place/photoprovisory/Logo-123-final-02_MorYZJP.png"}}, {"model": "placecore.photoprovisory", "pk": 146, "fields": {"photo": "place/photoprovisory/standing-up-man-_1_2TevjUg.png"}}, {"model": "placecore.photoprovisory", "pk": 147, "fields": {"photo": "place/photoprovisory/WhatsApp_Image_2018-06-25_at_21.37.55_4RZ0Onp.jpeg"}}, {"model": "placecore.photoprovisory", "pk": 148, "fields": {"photo": "place/photoprovisory/Logo-123-final-02_uS6s5Wd.png"}}, {"model": "placecore.photoprovisory", "pk": 149, "fields": {"photo": "place/photoprovisory/Logo-123-final-02_n1V5jlj.png"}}, {"model": "placecore.photoprovisory", "pk": 150, "fields": {"photo": "place/photoprovisory/Logo-123-final-02_GoCftuF.png"}}, {"model": "placecore.photoprovisory", "pk": 151, "fields": {"photo": "place/photoprovisory/Logo-123-final-02_iNrD3Vh.png"}}, {"model": "placecore.photoprovisory", "pk": 152, "fields": {"photo": "place/photoprovisory/Logo-123-final-02_KNSG5VG.png"}}, {"model": "placecore.photoprovisory", "pk": 153, "fields": {"photo": "place/photoprovisory/Logo-123-final-02_WUzCiWP.png"}}, {"model": "placecore.photoprovisory", "pk": 154, "fields": {"photo": "place/photoprovisory/standing-up-man-_1_lVOPwgM.png"}}, {"model": "placecore.photoprovisory", "pk": 155, "fields": {"photo": "place/photoprovisory/standing-up-man-_1_3a6b2Qd.png"}}, {"model": "placecore.photoprovisory", "pk": 156, "fields": {"photo": "place/photoprovisory/Logo-123-final-02_eJ13VMz.png"}}, {"model": "placecore.photoprovisory", "pk": 157, "fields": {"photo": "place/photoprovisory/standing-up-man-_1_0sPe4kq.png"}}, {"model": "placecore.photoprovisory", "pk": 158, "fields": {"photo": "place/photoprovisory/standing-up-man-_1_dvPvOrF.png"}}, {"model": "placecore.photoprovisory", "pk": 159, "fields": {"photo": "place/photoprovisory/Logo-123-final-02_txvHoO3.png"}}, {"model": "placecore.photoprovisory", "pk": 160, "fields": {"photo": "place/photoprovisory/standing-up-man-_1_2jaw9de.png"}}, {"model": "placecore.photoprovisory", "pk": 161, "fields": {"photo": "place/photoprovisory/WhatsApp_Image_2018-06-25_at_21.37.55_Zb3tOo9.jpeg"}}, {"model": "placecore.photoprovisory", "pk": 162, "fields": {"photo": "place/photoprovisory/Logo-123-final-02_wobbvCh.png"}}, {"model": "placecore.photoprovisory", "pk": 163, "fields": {"photo": "place/photoprovisory/standing-up-man-_1_VRHEvCr.png"}}, {"model": "placecore.photoprovisory", "pk": 164, "fields": {"photo": "place/photoprovisory/WhatsApp_Image_2018-06-25_at_21.37.55_3V7lQVL.jpeg"}}, {"model": "placecore.photoprovisory", "pk": 165, "fields": {"photo": "place/photoprovisory/Logo-123-final-02_iMM37tN.png"}}, {"model": "placecore.photoprovisory", "pk": 166, "fields": {"photo": "place/photoprovisory/standing-up-man-_1_VWuINC1.png"}}, {"model": "placecore.photoprovisory", "pk": 167, "fields": {"photo": "place/photoprovisory/WhatsApp_Image_2018-06-25_at_21.37.55_84tsq77.jpeg"}}, {"model": "placecore.photoprovisory", "pk": 168, "fields": {"photo": "place/photoprovisory/Logo-123-final-02_xqhsv4M.png"}}, {"model": "placecore.photoprovisory", "pk": 169, "fields": {"photo": "place/photoprovisory/Logo-123-final-02_jXCFtQd.png"}}, {"model": "placecore.photoprovisory", "pk": 170, "fields": {"photo": "place/photoprovisory/standing-up-man-_1_gRSvssV.png"}}, {"model": "placecore.photoprovisory", "pk": 171, "fields": {"photo": "place/photoprovisory/standing-up-man-.png"}}, {"model": "placecore.photoprovisory", "pk": 172, "fields": {"photo": "place/photoprovisory/Logo-123-final-02_cGo42JG.png"}}, {"model": "placecore.photoprovisory", "pk": 173, "fields": {"photo": "place/photoprovisory/standing-up-man-_1_9C9BiUb.png"}}, {"model": "placecore.photoprovisory", "pk": 174, "fields": {"photo": "place/photoprovisory/WhatsApp_Image_2018-06-25_at_21.37.55_zgPXOMz.jpeg"}}, {"model": "placecore.photoprovisory", "pk": 175, "fields": {"photo": "place/photoprovisory/standing-up-man-_1_dABDUkd.png"}}, {"model": "placecore.photoprovisory", "pk": 176, "fields": {"photo": "place/photoprovisory/Logo-123-final-02_2Plledw.png"}}, {"model": "placecore.photoprovisory", "pk": 177, "fields": {"photo": "place/photoprovisory/WhatsApp_Image_2018-06-29_at_08.19.32.jpeg"}}, {"model": "placecore.photoprovisory", "pk": 178, "fields": {"photo": "place/photoprovisory/standing-up-man-_1_puLXaKL.png"}}, {"model": "placecore.photoprovisory", "pk": 179, "fields": {"photo": "place/photoprovisory/1-os-melhores-brinquedos-para-buffet-infantil.jpg"}}, {"model": "placecore.photoprovisory", "pk": 180, "fields": {"photo": "place/photoprovisory/17190999_1197460547019405_7506102880640799590_n.jpg"}}, {"model": "placecore.photoprovisory", "pk": 181, "fields": {"photo": "place/photoprovisory/buffet-infantil-mundo-magico-bolinhas-2-1-700x334.jpg"}}, {"model": "placecore.photoprovisory", "pk": 182, "fields": {"photo": "place/photoprovisory/conjmesacadeiras-para-buffet-infantil-em-aluminiofibras-D_NQ_NP_887_5wyXgyN.jpg"}}, {"model": "placecore.photoprovisory", "pk": 183, "fields": {"photo": "place/photoprovisory/download_1.jpg"}}, {"model": "placecore.photoprovisory", "pk": 184, "fields": {"photo": "place/photoprovisory/download_2.jpg"}}, {"model": "placecore.photoprovisory", "pk": 185, "fields": {"photo": "place/photoprovisory/download_3.jpg"}}, {"model": "placecore.photoprovisory", "pk": 186, "fields": {"photo": "place/photoprovisory/download_4.jpg"}}, {"model": "placecore.photoprovisory", "pk": 187, "fields": {"photo": "place/photoprovisory/download_5.jpg"}}, {"model": "placecore.photoprovisory", "pk": 188, "fields": {"photo": "place/photoprovisory/download.jpg"}}, {"model": "placecore.photoprovisory", "pk": 189, "fields": {"photo": "place/photoprovisory/modern-header_2_right.bmp"}}, {"model": "placecore.photoprovisory", "pk": 190, "fields": {"photo": "place/photoprovisory/modern-header_2_right_Yl7yTiB.bmp"}}, {"model": "placecore.photoprovisory", "pk": 191, "fields": {"photo": "place/photoprovisory/modern-header_2_right_zZOdBmv.bmp"}}, {"model": "placecore.photoprovisory", "pk": 192, "fields": {"photo": "place/photoprovisory/modern-header_2_right_mpRSOAI.bmp"}}, {"model": "placecore.photoprovisory", "pk": 193, "fields": {"photo": "place/photoprovisory/xpsetup.ico"}}, {"model": "placecore.photoprovisory", "pk": 194, "fields": {"photo": "place/photoprovisory/modern-header_2_right_u0BOQqT.bmp"}}, {"model": "placecore.photoprovisory", "pk": 195, "fields": {"photo": "place/photoprovisory/modern-header_2_right_yYiWAfM.bmp"}}, {"model": "placecore.photoprovisory", "pk": 196, "fields": {"photo": "place/photoprovisory/modern-header_2_right_6CH1rSO.bmp"}}, {"model": "placecore.photoprovisory", "pk": 197, "fields": {"photo": "place/photoprovisory/modern-header_2_right_XorQb58.bmp"}}, {"model": "placecore.photoprovisory", "pk": 198, "fields": {"photo": "place/photoprovisory/modern-header_2_right_kxN1BAC.bmp"}}, {"model": "placecore.photoprovisory", "pk": 199, "fields": {"photo": "place/photoprovisory/modern-header_2_right_9wYJ8Q1.bmp"}}, {"model": "placecore.photoprovisory", "pk": 200, "fields": {"photo": "place/photoprovisory/modern-header_2_right_v7gZYgK.bmp"}}, {"model": "placecore.photoprovisory", "pk": 201, "fields": {"photo": "place/photoprovisory/modern-header_2_right_-_C\u00f3pia.bmp"}}, {"model": "placecore.photoprovisory", "pk": 202, "fields": {"photo": "place/photoprovisory/modern-header_2_right_mJVe8am.bmp"}}, {"model": "placecore.photoprovisory", "pk": 203, "fields": {"photo": "place/photoprovisory/modern-header_2_right_-_C\u00f3pia_68E56pB.bmp"}}, {"model": "placecore.photoprovisory", "pk": 204, "fields": {"photo": "place/photoprovisory/modern-header_2_right_MgtggwI.bmp"}}, {"model": "placecore.photoprovisory", "pk": 205, "fields": {"photo": "place/photoprovisory/14847697318679.jpg"}}, {"model": "placecore.photoprovisory", "pk": 206, "fields": {"photo": "place/photoprovisory/g_fast-festas-kids-buffet-infantild136c40dc3.jpg"}}, {"model": "placecore.photoprovisory", "pk": 207, "fields": {"photo": "place/photoprovisory/g_fast-festas-kids-buffet-infantild136c40dc3_NesbszZ.jpg"}}, {"model": "placecore.photoprovisory", "pk": 208, "fields": {"photo": "place/photoprovisory/g_fast-festas-kids-buffet-infantild136c40dc3_roOxnsI.jpg"}}, {"model": "placecore.photoprovisory", "pk": 209, "fields": {"photo": "place/photoprovisory/g_fast-festas-kids-buffet-infantild136c40dc3_BIY3qDS.jpg"}}, {"model": "placecore.photoprovisory", "pk": 210, "fields": {"photo": "place/photoprovisory/1-os-melhores-brinquedos-para-buffet-infantil_tB38IEz.jpg"}}, {"model": "placecore.photoprovisory", "pk": 211, "fields": {"photo": "place/photoprovisory/17190999_1197460547019405_7506102880640799590_n_WqR1hD8.jpg"}}, {"model": "placecore.photoprovisory", "pk": 212, "fields": {"photo": "place/photoprovisory/download_3_kqahtzA.jpg"}}, {"model": "placecore.photoprovisory", "pk": 213, "fields": {"photo": "place/photoprovisory/download_4_g9riAXm.jpg"}}, {"model": "placecore.photoprovisory", "pk": 214, "fields": {"photo": "place/photoprovisory/download_1_dtTWCoN.jpg"}}, {"model": "placecore.photoprovisory", "pk": 215, "fields": {"photo": "place/photoprovisory/download_4_k12Dxaq.jpg"}}, {"model": "placecore.photoprovisory", "pk": 216, "fields": {"photo": "place/photoprovisory/17190999_1197460547019405_7506102880640799590_n_z7QiSlQ.jpg"}}, {"model": "placecore.photoprovisory", "pk": 217, "fields": {"photo": "place/photoprovisory/FESTAS7-2-reduced.jpg"}}, {"model": "placecore.photoprovisory", "pk": 218, "fields": {"photo": "place/photoprovisory/FESTAS8-2.jpg"}}, {"model": "placecore.photoprovisory", "pk": 219, "fields": {"photo": "place/photoprovisory/FESTAS9-2.jpg"}}, {"model": "placecore.photoprovisory", "pk": 220, "fields": {"photo": "place/photoprovisory/FESTAS10-2.jpg"}}, {"model": "placecore.photoprovisory", "pk": 221, "fields": {"photo": "place/photoprovisory/FESTAS7-2-reduced_MGChGpi.jpg"}}, {"model": "placecore.photoprovisory", "pk": 222, "fields": {"photo": "place/photoprovisory/FESTAS8-2_UCuGYYG.jpg"}}, {"model": "placecore.photoprovisory", "pk": 223, "fields": {"photo": "place/photoprovisory/FESTAS9-2_DPuTcYZ.jpg"}}, {"model": "placecore.photoprovisory", "pk": 224, "fields": {"photo": "place/photoprovisory/FESTAS10-2_iuhmgjI.jpg"}}, {"model": "placecore.photoprovisory", "pk": 225, "fields": {"photo": "place/photoprovisory/FESTAS11-2.jpg"}}, {"model": "placecore.photoprovisory", "pk": 226, "fields": {"photo": "place/photoprovisory/FESTAS14-2.jpg"}}, {"model": "placecore.photoprovisory", "pk": 227, "fields": {"photo": "place/photoprovisory/FESTAS12-2.jpg"}}, {"model": "placecore.photoprovisory", "pk": 228, "fields": {"photo": "place/photoprovisory/FESTAS8-2_S3g7J7p.jpg"}}, {"model": "placecore.photoprovisory", "pk": 229, "fields": {"photo": "place/photoprovisory/FESTAS7-2.jpg"}}, {"model": "placecore.photoprovisory", "pk": 230, "fields": {"photo": "place/photoprovisory/FESTAS7-2_w36qEDT.jpg"}}, {"model": "placecore.photoprovisory", "pk": 231, "fields": {"photo": "place/photoprovisory/FESTAS8-2_HNWb7MF.jpg"}}, {"model": "placecore.photoprovisory", "pk": 232, "fields": {"photo": "place/photoprovisory/FESTAS8-2_smoczux.jpg"}}, {"model": "placecore.photoprovisory", "pk": 233, "fields": {"photo": "place/photoprovisory/FESTAS7-2-reduced_Zjm3ZSe.jpg"}}, {"model": "placecore.photoprovisory", "pk": 234, "fields": {"photo": "place/photoprovisory/FESTAS9-2_4i46z6x.jpg"}}, {"model": "placecore.photoprovisory", "pk": 235, "fields": {"photo": "place/photoprovisory/FESTAS4-2.jpg"}}, {"model": "placecore.photoprovisory", "pk": 236, "fields": {"photo": "place/photoprovisory/FESTAS8-2_31mjzZU.jpg"}}, {"model": "placecore.photoprovisory", "pk": 237, "fields": {"photo": "place/photoprovisory/FESTAS8-2_pB89mhX.jpg"}}, {"model": "placecore.photoprovisory", "pk": 238, "fields": {"photo": "place/photoprovisory/FESTAS7-2-reduced_vFUDGZ0.jpg"}}, {"model": "placecore.photoprovisory", "pk": 239, "fields": {"photo": "place/photoprovisory/FESTAS8-2_hI4Wnsy.jpg"}}, {"model": "placecore.photoprovisory", "pk": 240, "fields": {"photo": "place/photoprovisory/FESTAS8-2_bVBnyqZ.jpg"}}, {"model": "placecore.photoprovisory", "pk": 241, "fields": {"photo": "place/photoprovisory/FESTAS7-2_XxRfrxQ.jpg"}}, {"model": "placecore.photoprovisory", "pk": 242, "fields": {"photo": "place/photoprovisory/FESTAS7-2-reduced_ZioyX2K.jpg"}}, {"model": "placecore.photoprovisory", "pk": 243, "fields": {"photo": "place/photoprovisory/FESTAS8-2_SFVhW3b.jpg"}}, {"model": "placecore.photoprovisory", "pk": 244, "fields": {"photo": "place/photoprovisory/FESTAS9-2_esdp95M.jpg"}}, {"model": "placecore.photoprovisory", "pk": 245, "fields": {"photo": "place/photoprovisory/FESTAS2-2.jpg"}}, {"model": "placecore.photoprovisory", "pk": 246, "fields": {"photo": "place/photoprovisory/FESTAS8-2_PpUkZi0.jpg"}}, {"model": "placecore.photoprovisory", "pk": 247, "fields": {"photo": "place/photoprovisory/FESTAS4-2_7rUWsjR.jpg"}}, {"model": "placecore.photoprovisory", "pk": 248, "fields": {"photo": "place/photoprovisory/FESTAS15-2.jpg"}}, {"model": "placecore.photoprovisory", "pk": 249, "fields": {"photo": "place/photoprovisory/FESTAS9-2_3APWQgs.jpg"}}, {"model": "placecore.photoprovisory", "pk": 250, "fields": {"photo": "place/photoprovisory/FESTAS8-2_IBQ3uQt.jpg"}}, {"model": "placecore.photoprovisory", "pk": 251, "fields": {"photo": "place/photoprovisory/FESTAS9-2_DknAcDK.jpg"}}, {"model": "placecore.photoprovisory", "pk": 252, "fields": {"photo": "place/photoprovisory/FESTAS9-2_eo2qx54.jpg"}}, {"model": "placecore.photoprovisory", "pk": 253, "fields": {"photo": "place/photoprovisory/FESTAS9-2_1ka8bMW.jpg"}}, {"model": "placecore.photoprovisory", "pk": 254, "fields": {"photo": "place/photoprovisory/FESTAS8-2_pDO41v5.jpg"}}, {"model": "placecore.photoprovisory", "pk": 255, "fields": {"photo": "place/photoprovisory/FESTAS9-2_8UfAueW.jpg"}}, {"model": "placecore.photoprovisory", "pk": 256, "fields": {"photo": "place/photoprovisory/FESTAS2-2_UtPaiT3.jpg"}}, {"model": "placecore.photoprovisory", "pk": 257, "fields": {"photo": "place/photoprovisory/FESTAS3-2.jpg"}}, {"model": "placecore.photoprovisory", "pk": 258, "fields": {"photo": "place/photoprovisory/FESTAS4-2_EhksWGZ.jpg"}}, {"model": "placecore.photoprovisory", "pk": 259, "fields": {"photo": "place/photoprovisory/FESTAS9-2_6tvzt29.jpg"}}, {"model": "placecore.photoprovisory", "pk": 260, "fields": {"photo": "place/photoprovisory/Curr\u00edculo_Christian_Hukai_-_2018-08.pdf"}}, {"model": "placecore.photoprovisory", "pk": 261, "fields": {"photo": "place/photoprovisory/16473321_1679497558743322_3209655960404124049_n.jpg"}}, {"model": "placecore.photoprovisory", "pk": 262, "fields": {"photo": "place/photoprovisory/FESTAS1-2.jpg"}}, {"model": "placecore.photoprovisory", "pk": 263, "fields": {"photo": "place/photoprovisory/FESTAS2-2_WXqxA07.jpg"}}, {"model": "placecore.photoprovisory", "pk": 264, "fields": {"photo": "place/photoprovisory/FESTAS3-2_70AKvXJ.jpg"}}, {"model": "placecore.photoprovisory", "pk": 265, "fields": {"photo": "place/photoprovisory/FESTAS1-2_T9oqK04.jpg"}}, {"model": "placecore.photoprovisory", "pk": 266, "fields": {"photo": "place/photoprovisory/FESTAS2-2_IApUT02.jpg"}}, {"model": "placecore.photoprovisory", "pk": 267, "fields": {"photo": "place/photoprovisory/FESTAS3-2_1w4MAiL.jpg"}}, {"model": "placecore.photoprovisory", "pk": 268, "fields": {"photo": "place/photoprovisory/2-1.jpg"}}, {"model": "placecore.photoprovisory", "pk": 269, "fields": {"photo": "place/photoprovisory/100_2816.JPG"}}, {"model": "placecore.photoprovisory", "pk": 270, "fields": {"photo": "place/photoprovisory/101_0025.JPG"}}, {"model": "placecore.photoprovisory", "pk": 271, "fields": {"photo": "place/photoprovisory/12234920_10153854315091004_8458486555834302795_n.jpg"}}, {"model": "placecore.photoprovisory", "pk": 272, "fields": {"photo": "place/photoprovisory/13173630_611660015658111_8259246304567396313_n.jpg"}}, {"model": "placecore.photoprovisory", "pk": 273, "fields": {"photo": "place/photoprovisory/20160924_170040.jpg"}}, {"model": "placecore.photoprovisory", "pk": 274, "fields": {"photo": "place/photoprovisory/20170117_183142.jpg"}}, {"model": "placecore.photoprovisory", "pk": 275, "fields": {"photo": "place/photoprovisory/20170309_221145.jpg"}}, {"model": "placecore.photoprovisory", "pk": 276, "fields": {"photo": "place/photoprovisory/2_vc93xkT.jpg"}}, {"model": "placecore.photoprovisory", "pk": 277, "fields": {"photo": "place/photoprovisory/2-1_ztWuOi8.jpg"}}, {"model": "placecore.photoprovisory", "pk": 278, "fields": {"photo": "place/photoprovisory/100_2816_SxGmvSZ.JPG"}}, {"model": "placecore.photoprovisory", "pk": 279, "fields": {"photo": "place/photoprovisory/101_0025_6eHNKCt.JPG"}}, {"model": "placecore.photoprovisory", "pk": 280, "fields": {"photo": "place/photoprovisory/12234920_10153854315091004_8458486555834302795_n_rzrytkr.jpg"}}, {"model": "placecore.photoprovisory", "pk": 281, "fields": {"photo": "place/photoprovisory/13173630_611660015658111_8259246304567396313_n_8VVNndV.jpg"}}, {"model": "placecore.photoprovisory", "pk": 282, "fields": {"photo": "place/photoprovisory/20160924_170040_NBKgfxW.jpg"}}, {"model": "placecore.photoprovisory", "pk": 283, "fields": {"photo": "place/photoprovisory/20170117_183142_KkrjGzI.jpg"}}, {"model": "placecore.photoprovisory", "pk": 284, "fields": {"photo": "place/photoprovisory/20170309_221145_gvWq4EE.jpg"}}, {"model": "placecore.photoprovisory", "pk": 285, "fields": {"photo": "place/photoprovisory/20180730_161439.jpg"}}, {"model": "placecore.photoprovisory", "pk": 286, "fields": {"photo": "place/photoprovisory/20180730_162908.jpg"}}, {"model": "placecore.photoprovisory", "pk": 287, "fields": {"photo": "place/photoprovisory/20180822_151856.jpg"}}, {"model": "placecore.photoprovisory", "pk": 288, "fields": {"photo": "place/photoprovisory/43485852_1978902902129792_1913466371987996672_n.jpg"}}, {"model": "placecore.photoprovisory", "pk": 289, "fields": {"photo": "place/photoprovisory/IMG_0293.JPG"}}, {"model": "placecore.photoprovisory", "pk": 290, "fields": {"photo": "place/photoprovisory/Screenshot_2014-04-12-22-44-33.png"}}, {"model": "placecore.photoprovisory", "pk": 291, "fields": {"photo": "place/photoprovisory/100_2816_9IcsmYB.JPG"}}, {"model": "placecore.photoprovisory", "pk": 292, "fields": {"photo": "place/photoprovisory/101_0025_66b2pTS.JPG"}}, {"model": "placecore.photoprovisory", "pk": 293, "fields": {"photo": "place/photoprovisory/12234920_10153854315091004_8458486555834302795_n_PQunYuu.jpg"}}, {"model": "placecore.photoprovisory", "pk": 294, "fields": {"photo": "place/photoprovisory/13173630_611660015658111_8259246304567396313_n_TyWmtKz.jpg"}}, {"model": "placecore.photoprovisory", "pk": 295, "fields": {"photo": "place/photoprovisory/20160924_170040_IIji6V5.jpg"}}, {"model": "placecore.photoprovisory", "pk": 296, "fields": {"photo": "place/photoprovisory/20170117_183142_lpTWgET.jpg"}}, {"model": "placecore.photoprovisory", "pk": 297, "fields": {"photo": "place/photoprovisory/20170309_221145_zJ4z1lk.jpg"}}, {"model": "placecore.photoprovisory", "pk": 298, "fields": {"photo": "place/photoprovisory/101_0025_6UOR0yH.JPG"}}, {"model": "placecore.photoprovisory", "pk": 299, "fields": {"photo": "place/photoprovisory/20180730_161439_puDhTDh.jpg"}}, {"model": "placecore.photoprovisory", "pk": 300, "fields": {"photo": "place/photoprovisory/20180730_161439_LGxySAU.jpg"}}, {"model": "placecore.photoprovisory", "pk": 301, "fields": {"photo": "place/photoprovisory/20180730_161439_WyzjKIP.jpg"}}, {"model": "placecore.placephoto", "pk": 1, "fields": {"place": 10, "photo": 179, "is_first": true}}, {"model": "placecore.placephoto", "pk": 3, "fields": {"place": 8, "photo": 181, "is_first": true}}, {"model": "placecore.placephoto", "pk": 8, "fields": {"place": 3, "photo": 186, "is_first": true}}, {"model": "placecore.placephoto", "pk": 38, "fields": {"place": 7, "photo": 182, "is_first": true}}, {"model": "placecore.placephoto", "pk": 158, "fields": {"place": 1, "photo": 212, "is_first": false}}, {"model": "placecore.placephoto", "pk": 159, "fields": {"place": 1, "photo": 213, "is_first": false}}, {"model": "placecore.placephoto", "pk": 160, "fields": {"place": 1, "photo": 188, "is_first": false}}, {"model": "placecore.placephoto", "pk": 161, "fields": {"place": 1, "photo": 210, "is_first": false}}, {"model": "placecore.placephoto", "pk": 162, "fields": {"place": 1, "photo": 211, "is_first": false}}, {"model": "placecore.placephoto", "pk": 163, "fields": {"place": 1, "photo": 215, "is_first": false}}, {"model": "placecore.placephoto", "pk": 164, "fields": {"place": 1, "photo": 216, "is_first": true}}, {"model": "placecore.placephoto", "pk": 173, "fields": {"place": 4, "photo": 185, "is_first": false}}, {"model": "placecore.placephoto", "pk": 174, "fields": {"place": 4, "photo": 256, "is_first": false}}, {"model": "placecore.placephoto", "pk": 175, "fields": {"place": 4, "photo": 257, "is_first": false}}, {"model": "placecore.placephoto", "pk": 176, "fields": {"place": 4, "photo": 258, "is_first": false}}, {"model": "placecore.placephoto", "pk": 180, "fields": {"place": 9, "photo": 180, "is_first": false}}, {"model": "placecore.placephoto", "pk": 181, "fields": {"place": 9, "photo": 205, "is_first": false}}, {"model": "placecore.placephoto", "pk": 182, "fields": {"place": 9, "photo": 206, "is_first": false}}, {"model": "placecore.placephoto", "pk": 183, "fields": {"place": 11, "photo": 214, "is_first": false}}, {"model": "placecore.placephoto", "pk": 184, "fields": {"place": 2, "photo": 187, "is_first": false}}, {"model": "placecore.placephoto", "pk": 185, "fields": {"place": 5, "photo": 184, "is_first": false}}, {"model": "placecore.placephoto", "pk": 186, "fields": {"place": 6, "photo": 183, "is_first": false}}, {"model": "placecore.placephoto", "pk": 187, "fields": {"place": 12, "photo": 262, "is_first": false}}, {"model": "placecore.placephoto", "pk": 188, "fields": {"place": 12, "photo": 263, "is_first": false}}, {"model": "placecore.placephoto", "pk": 189, "fields": {"place": 12, "photo": 264, "is_first": false}}, {"model": "placecore.placephoto", "pk": 190, "fields": {"place": 13, "photo": 265, "is_first": false}}, {"model": "placecore.placephoto", "pk": 191, "fields": {"place": 13, "photo": 266, "is_first": false}}, {"model": "placecore.placephoto", "pk": 192, "fields": {"place": 13, "photo": 267, "is_first": false}}, {"model": "placecore.placephoto", "pk": 216, "fields": {"place": 16, "photo": 291, "is_first": false}}, {"model": "placecore.placephoto", "pk": 217, "fields": {"place": 16, "photo": 292, "is_first": false}}, {"model": "placecore.placephoto", "pk": 218, "fields": {"place": 16, "photo": 293, "is_first": false}}, {"model": "placecore.placephoto", "pk": 219, "fields": {"place": 16, "photo": 294, "is_first": false}}, {"model": "placecore.placephoto", "pk": 220, "fields": {"place": 16, "photo": 295, "is_first": false}}, {"model": "placecore.placephoto", "pk": 221, "fields": {"place": 16, "photo": 296, "is_first": false}}, {"model": "placecore.placephoto", "pk": 222, "fields": {"place": 16, "photo": 297, "is_first": false}}, {"model": "placecore.placephoto", "pk": 223, "fields": {"place": 17, "photo": 298, "is_first": false}}, {"model": "placecore.placephoto", "pk": 224, "fields": {"place": 18, "photo": 299, "is_first": false}}, {"model": "placecore.placephoto", "pk": 225, "fields": {"place": 19, "photo": 300, "is_first": false}}, {"model": "placecore.placephoto", "pk": 226, "fields": {"place": 18, "photo": 301, "is_first": true}}, {"model": "placecore.placefeature", "pk": 1, "fields": {"str_algorithm": null, "visualization_factor": 0.01, "visualization_factor_firstday": 1.2, "review_factor": 1.2, "review_factor_firstday": 1.2}}, {"model": "placereservation.placeprice", "pk": 1, "fields": {"place": 9, "value": 0.0, "name": "0", "description": "0", "capacity_min": 0, "capacity_max": 0}}, {"model": "placereservation.placeprice", "pk": 2, "fields": {"place": 1, "value": 0.0, "name": "0", "description": "0", "capacity_min": 0, "capacity_max": 0}}, {"model": "placereservation.placeprice", "pk": 3, "fields": {"place": 4, "value": 0.0, "name": "0", "description": "0", "capacity_min": 0, "capacity_max": 0}}, {"model": "placereservation.placeprice", "pk": 4, "fields": {"place": 4, "value": 0.0, "name": "0", "description": "0", "capacity_min": 0, "capacity_max": 0}}, {"model": "placereservation.placeprice", "pk": 5, "fields": {"place": 2, "value": 0.0, "name": "0", "description": "0", "capacity_min": 0, "capacity_max": 0}}, {"model": "placereservation.placeprice", "pk": 6, "fields": {"place": 3, "value": 0.0, "name": "0", "description": "0", "capacity_min": 0, "capacity_max": 0}}, {"model": "placereservation.placeprice", "pk": 7, "fields": {"place": 5, "value": 0.0, "name": "0", "description": "0", "capacity_min": 0, "capacity_max": 0}}, {"model": "placereservation.placeprice", "pk": 8, "fields": {"place": 6, "value": 0.0, "name": "0", "description": "0", "capacity_min": 0, "capacity_max": 0}}, {"model": "placereservation.placeprice", "pk": 9, "fields": {"place": 7, "value": 0.0, "name": "0", "description": "0", "capacity_min": 0, "capacity_max": 0}}, {"model": "placereservation.placeprice", "pk": 10, "fields": {"place": 8, "value": 0.0, "name": "0", "description": "0", "capacity_min": 0, "capacity_max": 0}}, {"model": "placereservation.placeprice", "pk": 11, "fields": {"place": 10, "value": 0.0, "name": "0", "description": "0", "capacity_min": 0, "capacity_max": 0}}, {"model": "placereservation.placeprice", "pk": 12, "fields": {"place": 11, "value": 0.0, "name": "0", "description": "0", "capacity_min": 0, "capacity_max": 0}}, {"model": "placereservation.placeprice", "pk": 13, "fields": {"place": 9, "value": 0.0, "name": "0", "description": "0", "capacity_min": 0, "capacity_max": 0}}, {"model": "placereservation.placeprice", "pk": 14, "fields": {"place": 1, "value": 0.0, "name": "0", "description": "0", "capacity_min": 0, "capacity_max": 0}}, {"model": "placereservation.placeprice", "pk": 15, "fields": {"place": 13, "value": 0.0, "name": "0", "description": "0", "capacity_min": 0, "capacity_max": 0}}, {"model": "placereservation.placeprice", "pk": 16, "fields": {"place": 12, "value": 0.0, "name": "0", "description": "0", "capacity_min": 0, "capacity_max": 0}}, {"model": "placereservation.placeprice", "pk": 18, "fields": {"place": 12, "value": 123.0, "name": "afwewefw", "description": "fawefwe", "capacity_min": 1, "capacity_max": 3}}, {"model": "placereservation.placeprice", "pk": 21, "fields": {"place": 18, "value": 123.0, "name": "awefa wfwea fwaef ", "description": "awefa wfwea fwaef ", "capacity_min": 200, "capacity_max": 300}}, {"model": "placereservation.placeprice", "pk": 23, "fields": {"place": 18, "value": 100.0, "name": "TESTE", "description": "TESTE", "capacity_min": 500, "capacity_max": 600}}, {"model": "placereservation.placeprice", "pk": 24, "fields": {"place": 9, "value": 4000.0, "name": "TESTE", "description": "FAWG EFFWAEFWA", "capacity_min": 1, "capacity_max": 1000}}, {"model": "placereservation.placeprice", "pk": 25, "fields": {"place": 18, "value": 1234.0, "name": "EXAWFAWEFWAE", "description": "EXAWFAWEFWAE", "capacity_min": 750, "capacity_max": 900}}, {"model": "placereservation.placeunavailability", "pk": 24, "fields": {"place": 9, "period": "min", "day": "2018-11-30"}}, {"model": "placereservation.placeunavailability", "pk": 25, "fields": {"place": 9, "period": "max", "day": "2018-11-30"}}, {"model": "placereservation.placeunavailability", "pk": 26, "fields": {"place": 9, "period": "min", "day": "2018-11-29"}}, {"model": "placereservation.placeunavailability", "pk": 27, "fields": {"place": 9, "period": "max", "day": "2018-11-28"}}, {"model": "placereservation.placeunavailability", "pk": 28, "fields": {"place": 9, "period": "max", "day": "2018-12-25"}}, {"model": "placereservation.placeunavailability", "pk": 29, "fields": {"place": 9, "period": "min", "day": "2018-12-10"}}, {"model": "placereservation.placeunavailability", "pk": 30, "fields": {"place": 9, "period": "min", "day": "2018-12-10"}}, {"model": "placereservation.placeunavailability", "pk": 31, "fields": {"place": 9, "period": "min", "day": "2018-12-10"}}, {"model": "placereservation.placeunavailability", "pk": 32, "fields": {"place": 9, "period": "min", "day": "2018-12-10"}}, {"model": "placereservation.placeunavailability", "pk": 33, "fields": {"place": 9, "period": "min", "day": "2018-12-19"}}, {"model": "placereservation.placeunavailability", "pk": 34, "fields": {"place": 9, "period": "min", "day": "2018-12-19"}}, {"model": "placereservation.placeunavailability", "pk": 35, "fields": {"place": 9, "period": "min", "day": "2018-12-19"}}, {"model": "placereservation.placeunavailability", "pk": 36, "fields": {"place": 9, "period": "min", "day": "2018-12-19"}}, {"model": "placereservation.placereservation", "pk": 10, "fields": {"place": 9, "placeprice": 1, "buyer": 1, "unavailability": 28, "creation": "2018-12-03T12:45:05.794Z"}}, {"model": "placereservation.placereservation", "pk": 11, "fields": {"place": 9, "placeprice": 1, "buyer": 1, "unavailability": 29, "creation": "2018-12-03T13:36:32.136Z"}}, {"model": "placereservation.placereservation", "pk": 12, "fields": {"place": 9, "placeprice": 1, "buyer": 1, "unavailability": 30, "creation": "2018-12-03T13:43:46.360Z"}}, {"model": "placereservation.placereservation", "pk": 13, "fields": {"place": 9, "placeprice": 24, "buyer": 1, "unavailability": 31, "creation": "2018-12-03T13:46:34.124Z"}}, {"model": "placereservation.placereservation", "pk": 14, "fields": {"place": 9, "placeprice": 24, "buyer": 1, "unavailability": 32, "creation": "2018-12-03T13:51:40.253Z"}}, {"model": "placereservation.placereservation", "pk": 15, "fields": {"place": 9, "placeprice": 24, "buyer": 1, "unavailability": 33, "creation": "2018-12-03T14:25:31.845Z"}}, {"model": "placereservation.placereservation", "pk": 16, "fields": {"place": 9, "placeprice": 24, "buyer": 1, "unavailability": 34, "creation": "2018-12-03T14:27:20.765Z"}}, {"model": "placereservation.placereservation", "pk": 17, "fields": {"place": 9, "placeprice": 24, "buyer": 1, "unavailability": 35, "creation": "2018-12-03T14:29:17.510Z"}}, {"model": "placereservation.placereservation", "pk": 18, "fields": {"place": 9, "placeprice": 24, "buyer": 1, "unavailability": 36, "creation": "2018-12-03T14:30:40.625Z"}}, {"model": "auth.permission", "pk": 1, "fields": {"name": "Can add log entry", "content_type": 1, "codename": "add_logentry"}}, {"model": "auth.permission", "pk": 2, "fields": {"name": "Can change log entry", "content_type": 1, "codename": "change_logentry"}}, {"model": "auth.permission", "pk": 3, "fields": {"name": "Can delete log entry", "content_type": 1, "codename": "delete_logentry"}}, {"model": "auth.permission", "pk": 4, "fields": {"name": "Can add permission", "content_type": 2, "codename": "add_permission"}}, {"model": "auth.permission", "pk": 5, "fields": {"name": "Can change permission", "content_type": 2, "codename": "change_permission"}}, {"model": "auth.permission", "pk": 6, "fields": {"name": "Can delete permission", "content_type": 2, "codename": "delete_permission"}}, {"model": "auth.permission", "pk": 7, "fields": {"name": "Can add group", "content_type": 3, "codename": "add_group"}}, {"model": "auth.permission", "pk": 8, "fields": {"name": "Can change group", "content_type": 3, "codename": "change_group"}}, {"model": "auth.permission", "pk": 9, "fields": {"name": "Can delete group", "content_type": 3, "codename": "delete_group"}}, {"model": "auth.permission", "pk": 10, "fields": {"name": "Can add user", "content_type": 4, "codename": "add_user"}}, {"model": "auth.permission", "pk": 11, "fields": {"name": "Can change user", "content_type": 4, "codename": "change_user"}}, {"model": "auth.permission", "pk": 12, "fields": {"name": "Can delete user", "content_type": 4, "codename": "delete_user"}}, {"model": "auth.permission", "pk": 13, "fields": {"name": "Can add content type", "content_type": 5, "codename": "add_contenttype"}}, {"model": "auth.permission", "pk": 14, "fields": {"name": "Can change content type", "content_type": 5, "codename": "change_contenttype"}}, {"model": "auth.permission", "pk": 15, "fields": {"name": "Can delete content type", "content_type": 5, "codename": "delete_contenttype"}}, {"model": "auth.permission", "pk": 16, "fields": {"name": "Can add session", "content_type": 6, "codename": "add_session"}}, {"model": "auth.permission", "pk": 17, "fields": {"name": "Can change session", "content_type": 6, "codename": "change_session"}}, {"model": "auth.permission", "pk": 18, "fields": {"name": "Can delete session", "content_type": 6, "codename": "delete_session"}}, {"model": "auth.permission", "pk": 19, "fields": {"name": "Can add photo provisory", "content_type": 7, "codename": "add_photoprovisory"}}, {"model": "auth.permission", "pk": 20, "fields": {"name": "Can change photo provisory", "content_type": 7, "codename": "change_photoprovisory"}}, {"model": "auth.permission", "pk": 21, "fields": {"name": "Can delete photo provisory", "content_type": 7, "codename": "delete_photoprovisory"}}, {"model": "auth.permission", "pk": 22, "fields": {"name": "Can add place", "content_type": 8, "codename": "add_place"}}, {"model": "auth.permission", "pk": 23, "fields": {"name": "Can change place", "content_type": 8, "codename": "change_place"}}, {"model": "auth.permission", "pk": 24, "fields": {"name": "Can delete place", "content_type": 8, "codename": "delete_place"}}, {"model": "auth.permission", "pk": 25, "fields": {"name": "Can add place additional information", "content_type": 9, "codename": "add_placeadditionalinformation"}}, {"model": "auth.permission", "pk": 26, "fields": {"name": "Can change place additional information", "content_type": 9, "codename": "change_placeadditionalinformation"}}, {"model": "auth.permission", "pk": 27, "fields": {"name": "Can delete place additional information", "content_type": 9, "codename": "delete_placeadditionalinformation"}}, {"model": "auth.permission", "pk": 28, "fields": {"name": "Can add place photo", "content_type": 10, "codename": "add_placephoto"}}, {"model": "auth.permission", "pk": 29, "fields": {"name": "Can change place photo", "content_type": 10, "codename": "change_placephoto"}}, {"model": "auth.permission", "pk": 30, "fields": {"name": "Can delete place photo", "content_type": 10, "codename": "delete_placephoto"}}, {"model": "auth.permission", "pk": 31, "fields": {"name": "Can add place visualization", "content_type": 11, "codename": "add_placevisualization"}}, {"model": "auth.permission", "pk": 32, "fields": {"name": "Can change place visualization", "content_type": 11, "codename": "change_placevisualization"}}, {"model": "auth.permission", "pk": 33, "fields": {"name": "Can delete place visualization", "content_type": 11, "codename": "delete_placevisualization"}}, {"model": "auth.permission", "pk": 34, "fields": {"name": "Can add place price", "content_type": 12, "codename": "add_placeprice"}}, {"model": "auth.permission", "pk": 35, "fields": {"name": "Can change place price", "content_type": 12, "codename": "change_placeprice"}}, {"model": "auth.permission", "pk": 36, "fields": {"name": "Can delete place price", "content_type": 12, "codename": "delete_placeprice"}}, {"model": "auth.permission", "pk": 37, "fields": {"name": "Can add place reservation", "content_type": 13, "codename": "add_placereservation"}}, {"model": "auth.permission", "pk": 38, "fields": {"name": "Can change place reservation", "content_type": 13, "codename": "change_placereservation"}}, {"model": "auth.permission", "pk": 39, "fields": {"name": "Can delete place reservation", "content_type": 13, "codename": "delete_placereservation"}}, {"model": "auth.permission", "pk": 40, "fields": {"name": "Can add place unavailability", "content_type": 14, "codename": "add_placeunavailability"}}, {"model": "auth.permission", "pk": 41, "fields": {"name": "Can change place unavailability", "content_type": 14, "codename": "change_placeunavailability"}}, {"model": "auth.permission", "pk": 42, "fields": {"name": "Can delete place unavailability", "content_type": 14, "codename": "delete_placeunavailability"}}, {"model": "auth.permission", "pk": 43, "fields": {"name": "Can add place review", "content_type": 15, "codename": "add_placereview"}}, {"model": "auth.permission", "pk": 44, "fields": {"name": "Can change place review", "content_type": 15, "codename": "change_placereview"}}, {"model": "auth.permission", "pk": 45, "fields": {"name": "Can delete place review", "content_type": 15, "codename": "delete_placereview"}}, {"model": "auth.permission", "pk": 46, "fields": {"name": "Can add buyer profile", "content_type": 16, "codename": "add_buyerprofile"}}, {"model": "auth.permission", "pk": 47, "fields": {"name": "Can change buyer profile", "content_type": 16, "codename": "change_buyerprofile"}}, {"model": "auth.permission", "pk": 48, "fields": {"name": "Can delete buyer profile", "content_type": 16, "codename": "delete_buyerprofile"}}, {"model": "auth.permission", "pk": 49, "fields": {"name": "Can add family member", "content_type": 17, "codename": "add_familymember"}}, {"model": "auth.permission", "pk": 50, "fields": {"name": "Can change family member", "content_type": 17, "codename": "change_familymember"}}, {"model": "auth.permission", "pk": 51, "fields": {"name": "Can delete family member", "content_type": 17, "codename": "delete_familymember"}}, {"model": "auth.permission", "pk": 52, "fields": {"name": "Can add seller profile", "content_type": 18, "codename": "add_sellerprofile"}}, {"model": "auth.permission", "pk": 53, "fields": {"name": "Can change seller profile", "content_type": 18, "codename": "change_sellerprofile"}}, {"model": "auth.permission", "pk": 54, "fields": {"name": "Can delete seller profile", "content_type": 18, "codename": "delete_sellerprofile"}}, {"model": "auth.permission", "pk": 55, "fields": {"name": "Can add message", "content_type": 19, "codename": "add_message"}}, {"model": "auth.permission", "pk": 56, "fields": {"name": "Can change message", "content_type": 19, "codename": "change_message"}}, {"model": "auth.permission", "pk": 57, "fields": {"name": "Can delete message", "content_type": 19, "codename": "delete_message"}}, {"model": "auth.permission", "pk": 58, "fields": {"name": "Can add association", "content_type": 20, "codename": "add_association"}}, {"model": "auth.permission", "pk": 59, "fields": {"name": "Can change association", "content_type": 20, "codename": "change_association"}}, {"model": "auth.permission", "pk": 60, "fields": {"name": "Can delete association", "content_type": 20, "codename": "delete_association"}}, {"model": "auth.permission", "pk": 61, "fields": {"name": "Can add code", "content_type": 21, "codename": "add_code"}}, {"model": "auth.permission", "pk": 62, "fields": {"name": "Can change code", "content_type": 21, "codename": "change_code"}}, {"model": "auth.permission", "pk": 63, "fields": {"name": "Can delete code", "content_type": 21, "codename": "delete_code"}}, {"model": "auth.permission", "pk": 64, "fields": {"name": "Can add nonce", "content_type": 22, "codename": "add_nonce"}}, {"model": "auth.permission", "pk": 65, "fields": {"name": "Can change nonce", "content_type": 22, "codename": "change_nonce"}}, {"model": "auth.permission", "pk": 66, "fields": {"name": "Can delete nonce", "content_type": 22, "codename": "delete_nonce"}}, {"model": "auth.permission", "pk": 67, "fields": {"name": "Can add user social auth", "content_type": 23, "codename": "add_usersocialauth"}}, {"model": "auth.permission", "pk": 68, "fields": {"name": "Can change user social auth", "content_type": 23, "codename": "change_usersocialauth"}}, {"model": "auth.permission", "pk": 69, "fields": {"name": "Can delete user social auth", "content_type": 23, "codename": "delete_usersocialauth"}}, {"model": "auth.permission", "pk": 70, "fields": {"name": "Can add partial", "content_type": 24, "codename": "add_partial"}}, {"model": "auth.permission", "pk": 71, "fields": {"name": "Can change partial", "content_type": 24, "codename": "change_partial"}}, {"model": "auth.permission", "pk": 72, "fields": {"name": "Can delete partial", "content_type": 24, "codename": "delete_partial"}}, {"model": "auth.permission", "pk": 73, "fields": {"name": "Can add place feature", "content_type": 25, "codename": "add_placefeature"}}, {"model": "auth.permission", "pk": 74, "fields": {"name": "Can change place feature", "content_type": 25, "codename": "change_placefeature"}}, {"model": "auth.permission", "pk": 75, "fields": {"name": "Can delete place feature", "content_type": 25, "codename": "delete_placefeature"}}, {"model": "auth.permission", "pk": 76, "fields": {"name": "Can add shopping cart", "content_type": 26, "codename": "add_shoppingcart"}}, {"model": "auth.permission", "pk": 77, "fields": {"name": "Can change shopping cart", "content_type": 26, "codename": "change_shoppingcart"}}, {"model": "auth.permission", "pk": 78, "fields": {"name": "Can delete shopping cart", "content_type": 26, "codename": "delete_shoppingcart"}}, {"model": "auth.permission", "pk": 79, "fields": {"name": "Can add place price", "content_type": 27, "codename": "add_placeprice"}}, {"model": "auth.permission", "pk": 80, "fields": {"name": "Can change place price", "content_type": 27, "codename": "change_placeprice"}}, {"model": "auth.permission", "pk": 81, "fields": {"name": "Can delete place price", "content_type": 27, "codename": "delete_placeprice"}}, {"model": "auth.permission", "pk": 82, "fields": {"name": "Can add PayPal IPN", "content_type": 28, "codename": "add_paypalipn"}}, {"model": "auth.permission", "pk": 83, "fields": {"name": "Can change PayPal IPN", "content_type": 28, "codename": "change_paypalipn"}}, {"model": "auth.permission", "pk": 84, "fields": {"name": "Can delete PayPal IPN", "content_type": 28, "codename": "delete_paypalipn"}}, {"model": "auth.user", "pk": 1, "fields": {"password": "pbkdf2_sha256$100000$Vyjx0XGSnUSu$fsdTaHZWG0KQzTAe5uhCmOWb0Onc0m4ToQwcg5i8Rbw=", "last_login": "2018-11-23T02:47:17.136Z", "is_superuser": true, "username": "chri", "first_name": "", "last_name": "", "email": "aefawef@a.br", "is_staff": true, "is_active": true, "date_joined": "2018-07-24T01:49:01.147Z", "groups": [], "user_permissions": []}}, {"model": "auth.user", "pk": 2, "fields": {"password": "pbkdf2_sha256$100000$5547EqEBcwSy$fKJVddWAHsaTW482caucEBJe0xfMDc/xcx3xjCS/UQ0=", "last_login": "2018-12-02T00:40:59.966Z", "is_superuser": true, "username": "chri2", "first_name": "", "last_name": "", "email": "awefwaef@a.br", "is_staff": true, "is_active": true, "date_joined": "2018-07-24T01:49:15.602Z", "groups": [], "user_permissions": []}}, {"model": "auth.user", "pk": 17, "fields": {"password": "pbkdf2_sha256$100000$qZFNfszZ2qAR$hwKRJJF847yS7bqnFFfF36Ft8rsin4YUoHorME/X0ag=", "last_login": "2018-08-14T11:33:15.628Z", "is_superuser": false, "username": "christian.hukai@gmail.com", "first_name": "", "last_name": "", "email": "", "is_staff": false, "is_active": true, "date_joined": "2018-08-14T11:31:41.860Z", "groups": [], "user_permissions": []}}, {"model": "auth.user", "pk": 18, "fields": {"password": "!V00kTnzWK9Eg8mImBZ4OnTUG9mFqY5Xo8JWRUxJG", "last_login": "2018-10-23T19:58:47.923Z", "is_superuser": false, "username": "ChristianHukai", "first_name": "Christian", "last_name": "Hukai", "email": "", "is_staff": false, "is_active": true, "date_joined": "2018-10-23T19:56:20.006Z", "groups": [], "user_permissions": []}}, {"model": "auth.user", "pk": 43, "fields": {"password": "pbkdf2_sha256$100000$gazo7Yx9C7ZH$f+ZWkUcqD4646IzutUGM/qfAQQQGygLyn8VUdmDjJNQ=", "last_login": "2018-10-24T02:33:41.292Z", "is_superuser": false, "username": "FACEBOOKUSERchristian.hukai@gmail.com1885573894802353", "first_name": "", "last_name": "", "email": "", "is_staff": false, "is_active": true, "date_joined": "2018-10-24T02:33:26.275Z", "groups": [], "user_permissions": []}}, {"model": "auth.user", "pk": 44, "fields": {"password": "pbkdf2_sha256$100000$g2MCXTHqqYLz$5BjxUWjkybK1Hq4Yfp/uNbAC1Xy1BzfLRNMsj3cay+k=", "last_login": null, "is_superuser": false, "username": "christian.org96@gmail.com", "first_name": "", "last_name": "", "email": "", "is_staff": false, "is_active": true, "date_joined": "2018-11-23T02:46:56.957Z", "groups": [], "user_permissions": []}}, {"model": "chat.message", "pk": 1, "fields": {"text": "Lorem ipsum dolor", "user_from": 1, "user_to": 2, "datetime": "2018-09-02T20:23:16Z", "place": 4}}, {"model": "chat.message", "pk": 2, "fields": {"text": "agrgagr", "user_from": 2, "user_to": 1, "datetime": "2018-09-02T20:29:56Z", "place": 4}}, {"model": "chat.message", "pk": 3, "fields": {"text": "wefweafwaef", "user_from": 1, "user_to": 2, "datetime": "2018-09-06T12:28:25Z", "place": 4}}, {"model": "chat.message", "pk": 4, "fields": {"text": "gfwaefawefwae", "user_from": 1, "user_to": 2, "datetime": "2018-09-06T12:28:25Z", "place": 4}}, {"model": "chat.message", "pk": 9, "fields": {"text": "aa", "user_from": 2, "user_to": 1, "datetime": "2018-09-06T14:07:56.974Z", "place": 4}}, {"model": "chat.message", "pk": 10, "fields": {"text": "aa", "user_from": 2, "user_to": 1, "datetime": "2018-09-06T14:08:04.785Z", "place": 4}}, {"model": "chat.message", "pk": 11, "fields": {"text": "aab", "user_from": 2, "user_to": 1, "datetime": "2018-09-06T14:08:13.311Z", "place": 4}}, {"model": "chat.message", "pk": 12, "fields": {"text": "teste", "user_from": 2, "user_to": 1, "datetime": "2018-09-06T14:08:38.875Z", "place": 4}}, {"model": "chat.message", "pk": 13, "fields": {"text": "afwfweafwaefwaefweafwafwafwea fwefwaef awef wafwaefwaefwaefawf waefwafa", "user_from": 2, "user_to": 1, "datetime": "2018-09-06T14:17:55.693Z", "place": 4}}, {"model": "chat.message", "pk": 14, "fields": {"text": "a", "user_from": 2, "user_to": 1, "datetime": "2018-09-06T14:46:49.659Z", "place": 6}}, {"model": "chat.message", "pk": 15, "fields": {"text": "a", "user_from": 2, "user_to": 1, "datetime": "2018-09-06T14:51:40.586Z", "place": 5}}, {"model": "chat.message", "pk": 16, "fields": {"text": "b", "user_from": 2, "user_to": 1, "datetime": "2018-09-06T15:00:25.599Z", "place": 5}}, {"model": "chat.message", "pk": 17, "fields": {"text": "c", "user_from": 2, "user_to": 1, "datetime": "2018-09-06T20:07:33.036Z", "place": 5}}, {"model": "chat.message", "pk": 18, "fields": {"text": "teste!", "user_from": 2, "user_to": 1, "datetime": "2018-09-16T17:57:30.639Z", "place": 6}}, {"model": "chat.message", "pk": 19, "fields": {"text": "", "user_from": 2, "user_to": 1, "datetime": "2018-09-16T17:57:33.163Z", "place": 6}}, {"model": "chat.message", "pk": 20, "fields": {"text": "", "user_from": 2, "user_to": 1, "datetime": "2018-09-16T17:57:37.044Z", "place": 6}}, {"model": "chat.message", "pk": 21, "fields": {"text": "b", "user_from": 2, "user_to": 1, "datetime": "2018-09-16T17:57:43.371Z", "place": 6}}, {"model": "chat.message", "pk": 22, "fields": {"text": "c", "user_from": 2, "user_to": 1, "datetime": "2018-09-16T17:59:15.583Z", "place": 6}}, {"model": "chat.message", "pk": 23, "fields": {"text": "d", "user_from": 2, "user_to": 1, "datetime": "2018-09-16T17:59:19.220Z", "place": 6}}, {"model": "chat.message", "pk": 24, "fields": {"text": "e", "user_from": 2, "user_to": 1, "datetime": "2018-09-16T17:59:22.653Z", "place": 6}}, {"model": "chat.message", "pk": 25, "fields": {"text": "afwwaefwe", "user_from": 2, "user_to": 1, "datetime": "2018-09-16T18:01:16.992Z", "place": 6}}, {"model": "chat.message", "pk": 26, "fields": {"text": "ewfawefwe", "user_from": 2, "user_to": 1, "datetime": "2018-09-16T18:01:31.566Z", "place": 6}}, {"model": "chat.message", "pk": 27, "fields": {"text": "awefawefwe", "user_from": 2, "user_to": 1, "datetime": "2018-09-16T18:01:33.365Z", "place": 6}}, {"model": "chat.message", "pk": 28, "fields": {"text": "eu quero saber", "user_from": 2, "user_to": 1, "datetime": "2018-09-16T18:01:35.720Z", "place": 6}}, {"model": "chat.message", "pk": 29, "fields": {"text": "a", "user_from": 2, "user_to": 1, "datetime": "2018-09-16T18:01:36.907Z", "place": 6}}, {"model": "chat.message", "pk": 35, "fields": {"text": "ewafawefwe", "user_from": 2, "user_to": 1, "datetime": "2018-09-16T19:12:35.456Z", "place": 6}}, {"model": "chat.message", "pk": 40, "fields": {"text": "afweawefe", "user_from": 2, "user_to": 1, "datetime": "2018-09-16T19:15:37.278Z", "place": 4}}, {"model": "chat.message", "pk": 41, "fields": {"text": "awefawefawe", "user_from": 2, "user_to": 1, "datetime": "2018-09-16T19:15:44.783Z", "place": 4}}, {"model": "chat.message", "pk": 42, "fields": {"text": "teste", "user_from": 2, "user_to": 1, "datetime": "2018-09-16T19:16:02.851Z", "place": 4}}, {"model": "chat.message", "pk": 43, "fields": {"text": "waefawef", "user_from": 2, "user_to": 1, "datetime": "2018-09-16T19:16:48.492Z", "place": 4}}, {"model": "chat.message", "pk": 44, "fields": {"text": "teste", "user_from": 2, "user_to": 1, "datetime": "2018-09-16T19:17:44.193Z", "place": 4}}, {"model": "chat.message", "pk": 45, "fields": {"text": "teste2", "user_from": 2, "user_to": 1, "datetime": "2018-09-16T19:18:14.969Z", "place": 4}}, {"model": "chat.message", "pk": 46, "fields": {"text": "teste", "user_from": 2, "user_to": 1, "datetime": "2018-09-16T19:23:18.618Z", "place": 4}}, {"model": "chat.message", "pk": 47, "fields": {"text": "afweawef", "user_from": 1, "user_to": 1, "datetime": "2018-09-17T20:48:24.845Z", "place": 4}}, {"model": "chat.message", "pk": 48, "fields": {"text": "Mas aqui!", "user_from": 1, "user_to": 1, "datetime": "2018-09-17T23:02:26.359Z", "place": 4}}, {"model": "chat.message", "pk": 49, "fields": {"text": "awefawe awefawe awefawe awefawe awefawe awefawe awefawe awefawe awefawe awefawe awefawe awefawe awefawe awefawe awefawe awefawe awefawe awefawe awefawe awefawe awefawe awefawe awefawe awefawe awefawe awefawe awefawe awefawe awefawe awefawe awefawe awefawe awefawe awefawe awefawe awefawe awefawe awefawe awefawe awefawe awefawe awefawe awefawe awefawe awefawe awefawe awefawe awefawe awefawe awefawe awefawe awefawe awefawe awefawe awefawe awefawe awefawe awefawe awefawe awefawe awefawe awefawe awefawe awefawe awefawe awefawe awefawe awefawe awefawe awefawe awefawe awefawe awefawe awefawe awefawe awefawe awefawe awefawe awefawe awefawe awefawe awefawe awefawe awefawe awefawe awefawe awefawe awefawe awefawe awefawe awefawe awefawe awefawe awefawe awefawe awefawe awefawe awefawe awefawe awefawe awefawe awefawe awefawe awefawe awefawe awefawe awefawe awefawe awefawe awefawe awefawe awefawe awefawe awefawe awefawe awefawe awefawe awefawe awefawe awefawe awefawe awefawe awefawe awefawe awefawe awefawe awefawe awefawe", "user_from": 1, "user_to": 1, "datetime": "2018-09-17T23:02:31Z", "place": 4}}, {"model": "chat.message", "pk": 50, "fields": {"text": "teste", "user_from": 2, "user_to": 1, "datetime": "2018-10-20T06:38:49.993Z", "place": 5}}, {"model": "chat.message", "pk": 51, "fields": {"text": "ij fwejfiwaejf waefjwae fjwaeij fwejfiwaejf waefjwae fjwaeij fwejfiwaejf waefjwae fjwaeij fwejfiwaejf waefjwae fjwaeij fwejfiwaejf waefjwae fjwaeij fwejfiwaejf waefjwae fjwae", "user_from": 2, "user_to": 1, "datetime": "2018-10-20T06:39:03.251Z", "place": 5}}, {"model": "chat.message", "pk": 52, "fields": {"text": "teste!", "user_from": 1, "user_to": 1, "datetime": "2018-10-20T08:02:54.365Z", "place": 5}}, {"model": "chat.message", "pk": 53, "fields": {"text": "teste!7", "user_from": 1, "user_to": 1, "datetime": "2018-10-20T08:03:06.884Z", "place": 5}}, {"model": "chat.message", "pk": 54, "fields": {"text": "aweffwea", "user_from": 1, "user_to": 1, "datetime": "2018-10-20T08:03:28.090Z", "place": 5}}, {"model": "chat.message", "pk": 55, "fields": {"text": "awefwefawe", "user_from": 2, "user_to": 1, "datetime": "2018-10-20T08:03:36.136Z", "place": 5}}, {"model": "chat.message", "pk": 56, "fields": {"text": "foi", "user_from": 2, "user_to": 1, "datetime": "2018-10-20T08:31:21.945Z", "place": 5}}, {"model": "chat.message", "pk": 57, "fields": {"text": "teste", "user_from": 1, "user_to": 1, "datetime": "2018-10-20T08:31:28.851Z", "place": 5}}, {"model": "chat.message", "pk": 58, "fields": {"text": "qdqwdwq", "user_from": 1, "user_to": 1, "datetime": "2018-10-21T11:08:42.193Z", "place": 5}}, {"model": "chat.message", "pk": 59, "fields": {"text": "rfeawawefw", "user_from": 1, "user_to": 1, "datetime": "2018-10-21T11:09:49.114Z", "place": 5}}, {"model": "chat.message", "pk": 60, "fields": {"text": "aefwefwae", "user_from": 1, "user_to": 1, "datetime": "2018-10-21T11:10:24.364Z", "place": 5}}, {"model": "chat.message", "pk": 61, "fields": {"text": "waefawefawefe", "user_from": 1, "user_to": 1, "datetime": "2018-10-21T11:10:51.543Z", "place": 5}}, {"model": "chat.message", "pk": 62, "fields": {"text": "awefwefawe", "user_from": 1, "user_to": 1, "datetime": "2018-10-21T11:11:07.551Z", "place": 5}}, {"model": "chat.message", "pk": 63, "fields": {"text": "awefwefwe", "user_from": 1, "user_to": 1, "datetime": "2018-10-21T11:11:53.483Z", "place": 5}}, {"model": "chat.message", "pk": 64, "fields": {"text": "teste", "user_from": 1, "user_to": 1, "datetime": "2018-10-21T14:54:37.207Z", "place": 5}}, {"model": "chat.message", "pk": 65, "fields": {"text": "TESTE", "user_from": 1, "user_to": 2, "datetime": "2018-10-21T14:56:06.893Z", "place": 5}}, {"model": "chat.message", "pk": 66, "fields": {"text": "waefwaefawefwafe", "user_from": 1, "user_to": 2, "datetime": "2018-10-21T14:56:15.819Z", "place": 5}}, {"model": "chat.message", "pk": 67, "fields": {"text": "awefweafwaefwae", "user_from": 1, "user_to": 2, "datetime": "2018-10-21T14:56:30.780Z", "place": 5}}, {"model": "chat.message", "pk": 68, "fields": {"text": "wafaewfwae", "user_from": 1, "user_to": 2, "datetime": "2018-10-21T14:56:35.364Z", "place": 5}}, {"model": "chat.message", "pk": 69, "fields": {"text": "AWEFWEAFEW", "user_from": 1, "user_to": 2, "datetime": "2018-10-21T15:04:39.979Z", "place": 5}}, {"model": "chat.message", "pk": 70, "fields": {"text": "teeste", "user_from": 1, "user_to": 2, "datetime": "2018-10-21T15:10:48.176Z", "place": 6}}, {"model": "chat.message", "pk": 71, "fields": {"text": "fwaefawefwae", "user_from": 1, "user_to": 2, "datetime": "2018-10-21T15:10:58.465Z", "place": 6}}, {"model": "chat.message", "pk": 72, "fields": {"text": "teste!", "user_from": 2, "user_to": 1, "datetime": "2018-10-21T15:12:49.257Z", "place": 5}}, {"model": "chat.message", "pk": 73, "fields": {"text": "efaawefwae", "user_from": 2, "user_to": 1, "datetime": "2018-10-21T15:12:54.910Z", "place": 5}}, {"model": "chat.message", "pk": 74, "fields": {"text": "waefwaefwae", "user_from": 2, "user_to": 1, "datetime": "2018-10-21T15:12:59.638Z", "place": 5}}, {"model": "chat.message", "pk": 75, "fields": {"text": "faewfae", "user_from": 2, "user_to": 1, "datetime": "2018-10-21T21:46:19.249Z", "place": 5}}, {"model": "chat.message", "pk": 76, "fields": {"text": "awfaewfwae", "user_from": 2, "user_to": 1, "datetime": "2018-10-21T21:46:22.132Z", "place": 5}}, {"model": "chat.message", "pk": 77, "fields": {"text": "awefewf", "user_from": 2, "user_to": 1, "datetime": "2018-10-21T21:46:34.815Z", "place": 5}}, {"model": "chat.message", "pk": 78, "fields": {"text": "faewfwaef", "user_from": 2, "user_to": 1, "datetime": "2018-10-21T21:46:36.620Z", "place": 5}}, {"model": "chat.message", "pk": 79, "fields": {"text": "uuihui", "user_from": 2, "user_to": 1, "datetime": "2018-10-21T21:51:12.284Z", "place": 5}}, {"model": "chat.message", "pk": 80, "fields": {"text": "ijiojioj", "user_from": 2, "user_to": 1, "datetime": "2018-10-21T21:51:16.896Z", "place": 5}}, {"model": "chat.message", "pk": 81, "fields": {"text": "waefawef", "user_from": 2, "user_to": 1, "datetime": "2018-10-21T21:53:26.294Z", "place": 5}}, {"model": "chat.message", "pk": 82, "fields": {"text": "awefwefawe", "user_from": 2, "user_to": 1, "datetime": "2018-10-21T21:53:28.898Z", "place": 5}}, {"model": "chat.message", "pk": 83, "fields": {"text": "eafawefawefwae", "user_from": 2, "user_to": 1, "datetime": "2018-10-21T22:03:12.788Z", "place": 5}}, {"model": "chat.message", "pk": 84, "fields": {"text": "efawefwae", "user_from": 2, "user_to": 1, "datetime": "2018-10-21T22:03:17.040Z", "place": 5}}, {"model": "chat.message", "pk": 85, "fields": {"text": "awarwefawe", "user_from": 2, "user_to": 1, "datetime": "2018-10-21T22:05:33.809Z", "place": 5}}, {"model": "chat.message", "pk": 86, "fields": {"text": "aefawefawe", "user_from": 2, "user_to": 1, "datetime": "2018-10-21T22:07:09.206Z", "place": 5}}, {"model": "chat.message", "pk": 87, "fields": {"text": "eafewfawe", "user_from": 2, "user_to": 1, "datetime": "2018-10-21T22:09:49.235Z", "place": 5}}, {"model": "chat.message", "pk": 88, "fields": {"text": "", "user_from": 2, "user_to": 1, "datetime": "2018-10-21T22:09:50.259Z", "place": 5}}, {"model": "chat.message", "pk": 89, "fields": {"text": "awef", "user_from": 2, "user_to": 1, "datetime": "2018-10-21T22:09:51.143Z", "place": 5}}, {"model": "chat.message", "pk": 90, "fields": {"text": "awefwaefawe", "user_from": 2, "user_to": 1, "datetime": "2018-10-21T22:09:52.664Z", "place": 5}}, {"model": "chat.message", "pk": 91, "fields": {"text": "awefawefawe", "user_from": 2, "user_to": 1, "datetime": "2018-10-21T22:09:56.306Z", "place": 5}}, {"model": "chat.message", "pk": 92, "fields": {"text": "TESTE", "user_from": 2, "user_to": 1, "datetime": "2018-10-21T22:10:02.924Z", "place": 5}}, {"model": "chat.message", "pk": 93, "fields": {"text": "waegawefawe", "user_from": 2, "user_to": 1, "datetime": "2018-10-21T22:10:05.532Z", "place": 5}}, {"model": "chat.message", "pk": 94, "fields": {"text": "afawfew", "user_from": 2, "user_to": 1, "datetime": "2018-10-21T23:52:12.612Z", "place": 5}}, {"model": "chat.message", "pk": 95, "fields": {"text": "afeawefawe", "user_from": 1, "user_to": 2, "datetime": "2018-10-21T23:52:40.064Z", "place": 5}}, {"model": "chat.message", "pk": 96, "fields": {"text": "afwefaewfaew", "user_from": 1, "user_to": 2, "datetime": "2018-10-21T23:52:49.594Z", "place": 5}}, {"model": "chat.message", "pk": 97, "fields": {"text": "awefawefewaf", "user_from": 1, "user_to": 2, "datetime": "2018-10-21T23:52:58.375Z", "place": 5}}, {"model": "chat.message", "pk": 98, "fields": {"text": "fawefawe", "user_from": 1, "user_to": 2, "datetime": "2018-10-21T23:53:26.625Z", "place": 5}}, {"model": "chat.message", "pk": 99, "fields": {"text": "aewfawefew]", "user_from": 2, "user_to": 1, "datetime": "2018-10-21T23:53:40.768Z", "place": 5}}, {"model": "chat.message", "pk": 100, "fields": {"text": "awefawefwea", "user_from": 2, "user_to": 1, "datetime": "2018-10-21T23:53:52.141Z", "place": 5}}, {"model": "chat.message", "pk": 101, "fields": {"text": "awefaewfawef", "user_from": 2, "user_to": 1, "datetime": "2018-10-21T23:54:09.205Z", "place": 5}}, {"model": "chat.message", "pk": 102, "fields": {"text": "aefawefaewfwe", "user_from": 2, "user_to": 1, "datetime": "2018-10-21T23:54:13.950Z", "place": 5}}, {"model": "chat.message", "pk": 103, "fields": {"text": "awefweafeawfe", "user_from": 2, "user_to": 1, "datetime": "2018-10-21T23:54:16.732Z", "place": 5}}, {"model": "chat.message", "pk": 104, "fields": {"text": "QFQWDQWDQW", "user_from": 1, "user_to": 2, "datetime": "2018-10-21T23:54:20.578Z", "place": 5}}, {"model": "chat.message", "pk": 105, "fields": {"text": "aewfwefwe", "user_from": 2, "user_to": 1, "datetime": "2018-10-21T23:54:29.025Z", "place": 5}}, {"model": "chat.message", "pk": 106, "fields": {"text": "qeqwe", "user_from": 1, "user_to": 2, "datetime": "2018-10-21T23:54:36.843Z", "place": 5}}, {"model": "chat.message", "pk": 107, "fields": {"text": "a", "user_from": 2, "user_to": 1, "datetime": "2018-10-21T23:55:06.366Z", "place": 5}}, {"model": "chat.message", "pk": 108, "fields": {"text": "a", "user_from": 2, "user_to": 1, "datetime": "2018-10-21T23:55:29.447Z", "place": 5}}, {"model": "chat.message", "pk": 109, "fields": {"text": "v]", "user_from": 1, "user_to": 2, "datetime": "2018-10-21T23:55:40.180Z", "place": 5}}, {"model": "chat.message", "pk": 110, "fields": {"text": "a", "user_from": 2, "user_to": 1, "datetime": "2018-10-21T23:55:48.409Z", "place": 5}}, {"model": "chat.message", "pk": 111, "fields": {"text": "b", "user_from": 2, "user_to": 1, "datetime": "2018-10-21T23:55:52.157Z", "place": 5}}, {"model": "chat.message", "pk": 112, "fields": {"text": "c", "user_from": 2, "user_to": 1, "datetime": "2018-10-21T23:55:57.594Z", "place": 5}}, {"model": "chat.message", "pk": 113, "fields": {"text": "d", "user_from": 2, "user_to": 1, "datetime": "2018-10-21T23:56:00.321Z", "place": 5}}, {"model": "chat.message", "pk": 114, "fields": {"text": "e", "user_from": 1, "user_to": 2, "datetime": "2018-10-21T23:56:03.492Z", "place": 5}}, {"model": "chat.message", "pk": 115, "fields": {"text": "arwewe", "user_from": 2, "user_to": 1, "datetime": "2018-10-22T00:06:56.063Z", "place": 5}}, {"model": "chat.message", "pk": 116, "fields": {"text": "feawfweaf", "user_from": 2, "user_to": 1, "datetime": "2018-10-22T00:07:03.145Z", "place": 5}}, {"model": "chat.message", "pk": 117, "fields": {"text": "teste", "user_from": 2, "user_to": 1, "datetime": "2018-10-22T00:07:17.282Z", "place": 5}}, {"model": "chat.message", "pk": 118, "fields": {"text": "faewf", "user_from": 2, "user_to": 1, "datetime": "2018-10-22T00:09:44.242Z", "place": 5}}, {"model": "chat.message", "pk": 119, "fields": {"text": "aewfawef", "user_from": 1, "user_to": 2, "datetime": "2018-10-22T00:09:51.165Z", "place": 5}}, {"model": "chat.message", "pk": 120, "fields": {"text": "aawefwe", "user_from": 2, "user_to": 1, "datetime": "2018-10-22T00:09:58.165Z", "place": 5}}, {"model": "chat.message", "pk": 121, "fields": {"text": "aeawe", "user_from": 2, "user_to": 1, "datetime": "2018-10-22T00:12:12.094Z", "place": 5}}, {"model": "chat.message", "pk": 122, "fields": {"text": "awefweaf", "user_from": 2, "user_to": 1, "datetime": "2018-10-22T13:12:24.622Z", "place": 5}}, {"model": "chat.message", "pk": 123, "fields": {"text": "wafewae", "user_from": 2, "user_to": 1, "datetime": "2018-10-22T13:12:30.813Z", "place": 5}}, {"model": "chat.message", "pk": 124, "fields": {"text": "sregser", "user_from": 2, "user_to": 1, "datetime": "2018-10-22T13:12:53.042Z", "place": 5}}, {"model": "chat.message", "pk": 125, "fields": {"text": "aefawef", "user_from": 2, "user_to": 1, "datetime": "2018-10-22T13:13:14.358Z", "place": 5}}, {"model": "chat.message", "pk": 126, "fields": {"text": "fawe", "user_from": 2, "user_to": 1, "datetime": "2018-10-22T13:13:18.614Z", "place": 5}}, {"model": "chat.message", "pk": 127, "fields": {"text": "awefweaf", "user_from": 2, "user_to": 1, "datetime": "2018-10-22T13:13:45.448Z", "place": 5}}, {"model": "chat.message", "pk": 128, "fields": {"text": "awefawef", "user_from": 2, "user_to": 1, "datetime": "2018-10-22T13:13:50.566Z", "place": 5}}, {"model": "chat.message", "pk": 129, "fields": {"text": "awefawef", "user_from": 2, "user_to": 1, "datetime": "2018-10-22T13:14:33.422Z", "place": 5}}, {"model": "chat.message", "pk": 130, "fields": {"text": "weafawefwe", "user_from": 2, "user_to": 1, "datetime": "2018-10-22T13:15:37.742Z", "place": 5}}, {"model": "chat.message", "pk": 131, "fields": {"text": "ewfwaefawe", "user_from": 2, "user_to": 1, "datetime": "2018-10-22T13:16:08.897Z", "place": 5}}, {"model": "chat.message", "pk": 132, "fields": {"text": "awefawefwea", "user_from": 2, "user_to": 1, "datetime": "2018-10-22T13:16:53.617Z", "place": 5}}, {"model": "chat.message", "pk": 133, "fields": {"text": "waefweaf", "user_from": 2, "user_to": 1, "datetime": "2018-10-22T13:16:58.048Z", "place": 5}}, {"model": "chat.message", "pk": 134, "fields": {"text": "awefweafwea", "user_from": 2, "user_to": 1, "datetime": "2018-10-22T13:17:07.196Z", "place": 5}}, {"model": "chat.message", "pk": 135, "fields": {"text": "aewfewafwea", "user_from": 2, "user_to": 1, "datetime": "2018-10-22T13:17:19.185Z", "place": 5}}, {"model": "chat.message", "pk": 136, "fields": {"text": "wrgesgsr", "user_from": 2, "user_to": 1, "datetime": "2018-10-22T13:17:50.303Z", "place": 5}}, {"model": "chat.message", "pk": 137, "fields": {"text": "aefaewfwae", "user_from": 2, "user_to": 1, "datetime": "2018-10-22T13:18:06.874Z", "place": 5}}, {"model": "chat.message", "pk": 138, "fields": {"text": "awefawef", "user_from": 2, "user_to": 1, "datetime": "2018-10-22T13:20:14.511Z", "place": 5}}, {"model": "chat.message", "pk": 139, "fields": {"text": "ewfwfwae", "user_from": 2, "user_to": 1, "datetime": "2018-10-22T13:20:34.976Z", "place": 5}}, {"model": "chat.message", "pk": 140, "fields": {"text": "aefwewafawe", "user_from": 2, "user_to": 1, "datetime": "2018-10-22T13:20:41.835Z", "place": 5}}, {"model": "chat.message", "pk": 141, "fields": {"text": "sergserg", "user_from": 2, "user_to": 1, "datetime": "2018-10-22T13:21:40.964Z", "place": 5}}, {"model": "chat.message", "pk": 142, "fields": {"text": "awefweafawe", "user_from": 2, "user_to": 1, "datetime": "2018-10-22T13:22:52.354Z", "place": 5}}, {"model": "chat.message", "pk": 143, "fields": {"text": "lmkpmm", "user_from": 2, "user_to": 1, "datetime": "2018-10-22T13:23:00.944Z", "place": 5}}, {"model": "chat.message", "pk": 144, "fields": {"text": "wafawefawe", "user_from": 2, "user_to": 1, "datetime": "2018-10-22T13:23:20.103Z", "place": 5}}, {"model": "chat.message", "pk": 145, "fields": {"text": "afeawefwe", "user_from": 2, "user_to": 1, "datetime": "2018-10-22T13:24:04.228Z", "place": 5}}, {"model": "chat.message", "pk": 146, "fields": {"text": "waefaewfwae", "user_from": 2, "user_to": 1, "datetime": "2018-10-22T13:24:08.571Z", "place": 5}}, {"model": "chat.message", "pk": 147, "fields": {"text": "eawfaewf", "user_from": 2, "user_to": 1, "datetime": "2018-10-22T16:42:26.081Z", "place": 5}}, {"model": "chat.message", "pk": 148, "fields": {"text": "TESTE", "user_from": 2, "user_to": 1, "datetime": "2018-10-22T16:42:29.678Z", "place": 5}}, {"model": "chat.message", "pk": 149, "fields": {"text": "teste", "user_from": 1, "user_to": 2, "datetime": "2018-10-22T16:47:56.620Z", "place": 5}}, {"model": "chat.message", "pk": 150, "fields": {"text": "teste", "user_from": 1, "user_to": 2, "datetime": "2018-10-22T16:47:58.699Z", "place": 5}}, {"model": "chat.message", "pk": 151, "fields": {"text": "testr", "user_from": 2, "user_to": 1, "datetime": "2018-10-23T00:50:35.534Z", "place": 5}}, {"model": "chat.message", "pk": 152, "fields": {"text": "awefaewfawe", "user_from": 1, "user_to": 2, "datetime": "2018-10-23T01:09:05.227Z", "place": 5}}, {"model": "chat.message", "pk": 153, "fields": {"text": "awefwefawefawe", "user_from": 1, "user_to": 2, "datetime": "2018-10-23T01:09:17.244Z", "place": 5}}, {"model": "chat.message", "pk": 154, "fields": {"text": "oi!", "user_from": 2, "user_to": 1, "datetime": "2018-10-23T01:09:40.691Z", "place": 5}}, {"model": "chat.message", "pk": 155, "fields": {"text": "ooi", "user_from": 1, "user_to": 2, "datetime": "2018-10-23T01:09:45.962Z", "place": 5}}, {"model": "chat.message", "pk": 156, "fields": {"text": "comi vai", "user_from": 2, "user_to": 1, "datetime": "2018-10-23T01:10:01.486Z", "place": 5}}, {"model": "chat.message", "pk": 157, "fields": {"text": "aefaewfwae", "user_from": 1, "user_to": 2, "datetime": "2018-10-23T01:10:08.636Z", "place": 5}}, {"model": "chat.message", "pk": 158, "fields": {"text": "wfawfawe", "user_from": 1, "user_to": 2, "datetime": "2018-10-23T01:10:12.895Z", "place": 5}}, {"model": "chat.message", "pk": 159, "fields": {"text": "awefawefwe", "user_from": 1, "user_to": 2, "datetime": "2018-10-23T01:10:15.083Z", "place": 5}}, {"model": "chat.message", "pk": 160, "fields": {"text": "ooi", "user_from": 2, "user_to": 1, "datetime": "2018-10-23T01:10:35.506Z", "place": 5}}, {"model": "chat.message", "pk": 161, "fields": {"text": "ewafawefew", "user_from": 1, "user_to": 2, "datetime": "2018-10-23T01:10:38.393Z", "place": 5}}, {"model": "chat.message", "pk": 162, "fields": {"text": "awefawefew", "user_from": 1, "user_to": 2, "datetime": "2018-10-23T01:10:41.500Z", "place": 5}}, {"model": "chat.message", "pk": 163, "fields": {"text": "awefawefawe", "user_from": 2, "user_to": 1, "datetime": "2018-10-23T01:10:46.411Z", "place": 5}}, {"model": "buyerprofile.buyerprofile", "pk": 1, "fields": {"user": 2, "name": "Christian Comprado", "birthday": "2000-09-27", "cellphone": "(11)97152-0091", "gender": "Masculino", "civil_status": "solteiro", "cpf": "408.570.728-03", "is_active": true, "key": "4", "email": "awfafwe@a.br", "photo": "", "creation": "2018-07-19T01:49:29.949Z", "accepts_newsletter": true}}, {"model": "buyerprofile.buyerprofile", "pk": 27, "fields": {"user": 43, "name": "Christian Hukai", "birthday": "2018-01-01", "cellphone": "(13)12312-3123", "gender": "male", "civil_status": "solteiro", "cpf": "408.570.728-03", "is_active": true, "key": "1885573894802353", "email": "christian.hukai@gmail.com", "photo": "http://graph.facebook.com/1885573894802353/picture?type=normal", "creation": "2018-10-24T02:33:26.895Z", "accepts_newsletter": true}}, {"model": "buyerprofile.buyerprofile", "pk": 28, "fields": {"user": 44, "name": "TESTE NOVO", "birthday": "2001-09-14", "cellphone": "(12)31241-3123", "gender": "Masculino", "civil_status": "solteiro", "cpf": "131.413.213-21", "is_active": false, "key": "PQF7VNANTYR563FZLWHJECK", "email": "christian.org96@gmail.com", "photo": "", "creation": "2018-11-23T02:46:57.547Z", "accepts_newsletter": true}}, {"model": "sellerprofile.sellerprofile", "pk": 1, "fields": {"user": 1, "creation": "2018-07-08T01:56:16.907Z", "name": "Chris Vendedo", "email": "awefwefwe@a.br", "cellphone": "(11)25131-3131", "cpf": "408.570.728-03", "cnpj": "58.812.631/0001-95", "is_active": true, "key": null, "accepts_newsletter": true, "has_finished_payment": true, "pagarme_id": "re_cjp74c8xn019wdd6eojxfio2m", "bank_code": "004", "agency": "12315", "account": "1231231351231", "account_type": "conta_corrente"}}, {"model": "sellerprofile.sellerprofile", "pk": 7, "fields": {"user": 17, "creation": "2018-08-14T11:31:42.242Z", "name": "christian.hukai@gmail.com", "email": "christian.hukai@gmail.com", "cellphone": "(12)31241-2312", "cpf": "123.121.312-31", "cnpj": "14.213.213/2131-23", "is_active": true, "key": "1J5RVJUQVCW50WRNVOLOOFG", "accepts_newsletter": true, "has_finished_payment": false, "pagarme_id": "", "bank_code": "", "agency": "", "account": "", "account_type": ""}}, {"model": "admin.logentry", "pk": 1, "fields": {"action_time": "2018-07-24T02:00:42.689Z", "user": 1, "content_type": 8, "object_id": "1", "object_repr": "Exemplo10", "action_flag": 2, "change_message": "[{\"changed\": {\"fields\": [\"description\"]}}]"}}, {"model": "admin.logentry", "pk": 2, "fields": {"action_time": "2018-07-24T02:04:45.985Z", "user": 1, "content_type": 9, "object_id": "1", "object_repr": "Additional Info of Exemplo10", "action_flag": 2, "change_message": "[{\"changed\": {\"fields\": [\"alcoholic_drink\", \"has_entertainment\", \"has_thematicdecoration\"]}}]"}}, {"model": "admin.logentry", "pk": 3, "fields": {"action_time": "2018-07-24T02:21:12.777Z", "user": 1, "content_type": 8, "object_id": "1", "object_repr": "Exemplo10", "action_flag": 2, "change_message": "[{\"changed\": {\"fields\": [\"video\"]}}]"}}, {"model": "admin.logentry", "pk": 4, "fields": {"action_time": "2018-07-27T01:01:51.639Z", "user": 1, "content_type": 12, "object_id": "1", "object_repr": "PlacePrice object (1)", "action_flag": 1, "change_message": "[{\"added\": {}}]"}}, {"model": "admin.logentry", "pk": 5, "fields": {"action_time": "2018-07-27T01:02:50.045Z", "user": 1, "content_type": 12, "object_id": "2", "object_repr": "PlacePrice object (2)", "action_flag": 1, "change_message": "[{\"added\": {}}]"}}, {"model": "admin.logentry", "pk": 6, "fields": {"action_time": "2018-07-27T01:07:32.717Z", "user": 1, "content_type": 13, "object_id": "1", "object_repr": "PlaceReservation object (1)", "action_flag": 1, "change_message": "[{\"added\": {}}]"}}, {"model": "admin.logentry", "pk": 7, "fields": {"action_time": "2018-07-27T01:07:46.180Z", "user": 1, "content_type": 15, "object_id": "1", "object_repr": "PlaceReview object (1)", "action_flag": 1, "change_message": "[{\"added\": {}}]"}}, {"model": "admin.logentry", "pk": 8, "fields": {"action_time": "2018-08-02T12:01:15.987Z", "user": 1, "content_type": 12, "object_id": "3", "object_repr": "PlacePrice object (3)", "action_flag": 1, "change_message": "[{\"added\": {}}]"}}, {"model": "admin.logentry", "pk": 9, "fields": {"action_time": "2018-08-02T12:01:27.608Z", "user": 1, "content_type": 14, "object_id": "13", "object_repr": "PlaceUnavailability object (13)", "action_flag": 1, "change_message": "[{\"added\": {}}]"}}, {"model": "admin.logentry", "pk": 10, "fields": {"action_time": "2018-08-02T12:01:29.502Z", "user": 1, "content_type": 13, "object_id": "2", "object_repr": "PlaceReservation object (2)", "action_flag": 1, "change_message": "[{\"added\": {}}]"}}, {"model": "admin.logentry", "pk": 11, "fields": {"action_time": "2018-08-02T12:01:38.991Z", "user": 1, "content_type": 15, "object_id": "2", "object_repr": "PlaceReview object (2)", "action_flag": 1, "change_message": "[{\"added\": {}}]"}}, {"model": "admin.logentry", "pk": 12, "fields": {"action_time": "2018-08-02T12:05:52.266Z", "user": 1, "content_type": 15, "object_id": "2", "object_repr": "PlaceReview object (2)", "action_flag": 2, "change_message": "[{\"changed\": {\"fields\": [\"rate_infraestructure\", \"rate_rides\", \"rate_children_opinion\"]}}]"}}, {"model": "admin.logentry", "pk": 13, "fields": {"action_time": "2018-08-02T12:06:47.292Z", "user": 1, "content_type": 15, "object_id": "2", "object_repr": "PlaceReview object (2)", "action_flag": 2, "change_message": "[{\"changed\": {\"fields\": [\"rate_attendance\", \"rate_children_opinion\"]}}]"}}, {"model": "admin.logentry", "pk": 14, "fields": {"action_time": "2018-08-03T11:35:27.042Z", "user": 1, "content_type": 8, "object_id": "4", "object_repr": "Circo M\u00e1gico Buffet Infantil", "action_flag": 2, "change_message": "[{\"changed\": {\"fields\": [\"description\"]}}]"}}, {"model": "admin.logentry", "pk": 15, "fields": {"action_time": "2018-08-03T11:36:48.588Z", "user": 1, "content_type": 8, "object_id": "4", "object_repr": "Circo M\u00e1gico Buffet Infantil", "action_flag": 2, "change_message": "[{\"changed\": {\"fields\": [\"description\"]}}]"}}, {"model": "admin.logentry", "pk": 16, "fields": {"action_time": "2018-08-03T11:37:23.188Z", "user": 1, "content_type": 8, "object_id": "4", "object_repr": "Circo M\u00e1gico Buffet Infantil", "action_flag": 2, "change_message": "[{\"changed\": {\"fields\": [\"description\"]}}]"}}, {"model": "admin.logentry", "pk": 17, "fields": {"action_time": "2018-08-03T17:20:19.631Z", "user": 1, "content_type": 9, "object_id": "4", "object_repr": "Additional Info of Circo M\u00e1gico Buffet Infantil", "action_flag": 2, "change_message": "[{\"changed\": {\"fields\": [\"alcoholic_drink\", \"has_entertainment\", \"has_childrenrides\", \"has_costumes\", \"has_parking\"]}}]"}}, {"model": "admin.logentry", "pk": 18, "fields": {"action_time": "2018-08-04T01:16:47.504Z", "user": 1, "content_type": 18, "object_id": "1", "object_repr": "SellerProfile object (1)", "action_flag": 2, "change_message": "[{\"changed\": {\"fields\": [\"key\"]}}]"}}, {"model": "admin.logentry", "pk": 19, "fields": {"action_time": "2018-08-04T01:19:20.135Z", "user": 1, "content_type": 18, "object_id": "1", "object_repr": "SellerProfile object (1)", "action_flag": 2, "change_message": "[{\"changed\": {\"fields\": [\"key\"]}}]"}}, {"model": "admin.logentry", "pk": 20, "fields": {"action_time": "2018-08-04T01:19:33.817Z", "user": 1, "content_type": 16, "object_id": "1", "object_repr": "BuyerProfile object (1)", "action_flag": 2, "change_message": "[{\"changed\": {\"fields\": [\"key\"]}}]"}}, {"model": "admin.logentry", "pk": 21, "fields": {"action_time": "2018-08-05T14:21:30.409Z", "user": 1, "content_type": 16, "object_id": "1", "object_repr": "BuyerProfile object (1)", "action_flag": 2, "change_message": "[{\"changed\": {\"fields\": [\"photo\"]}}]"}}, {"model": "admin.logentry", "pk": 22, "fields": {"action_time": "2018-08-05T18:01:10.393Z", "user": 1, "content_type": 4, "object_id": "3", "object_repr": "christian.hukai@gmail.comm", "action_flag": 3, "change_message": ""}}, {"model": "admin.logentry", "pk": 23, "fields": {"action_time": "2018-08-05T18:01:10.428Z", "user": 1, "content_type": 4, "object_id": "4", "object_repr": "christian.org96@gmail.com", "action_flag": 3, "change_message": ""}}, {"model": "admin.logentry", "pk": 24, "fields": {"action_time": "2018-08-05T18:24:04.143Z", "user": 1, "content_type": 16, "object_id": "4", "object_repr": "BuyerProfile object (4)", "action_flag": 2, "change_message": "[{\"changed\": {\"fields\": [\"is_active\"]}}]"}}, {"model": "admin.logentry", "pk": 25, "fields": {"action_time": "2018-08-05T18:25:19.815Z", "user": 1, "content_type": 12, "object_id": "4", "object_repr": "PlacePrice object (4)", "action_flag": 1, "change_message": "[{\"added\": {}}]"}}, {"model": "admin.logentry", "pk": 26, "fields": {"action_time": "2018-08-05T18:25:56.642Z", "user": 1, "content_type": 14, "object_id": "14", "object_repr": "PlaceUnavailability object (14)", "action_flag": 1, "change_message": "[{\"added\": {}}]"}}, {"model": "admin.logentry", "pk": 27, "fields": {"action_time": "2018-08-05T18:25:58.723Z", "user": 1, "content_type": 13, "object_id": "3", "object_repr": "PlaceReservation object (3)", "action_flag": 1, "change_message": "[{\"added\": {}}]"}}, {"model": "admin.logentry", "pk": 28, "fields": {"action_time": "2018-08-05T18:26:08.331Z", "user": 1, "content_type": 15, "object_id": "3", "object_repr": "PlaceReview object (3)", "action_flag": 1, "change_message": "[{\"added\": {}}]"}}, {"model": "admin.logentry", "pk": 29, "fields": {"action_time": "2018-08-05T19:34:30.890Z", "user": 1, "content_type": 4, "object_id": "5", "object_repr": "christian.org96@gmail.com", "action_flag": 3, "change_message": ""}}, {"model": "admin.logentry", "pk": 30, "fields": {"action_time": "2018-08-05T19:42:47.133Z", "user": 1, "content_type": 4, "object_id": "6", "object_repr": "christian.org96@gmail.com", "action_flag": 3, "change_message": ""}}, {"model": "admin.logentry", "pk": 31, "fields": {"action_time": "2018-08-06T11:33:38.186Z", "user": 1, "content_type": 16, "object_id": "6", "object_repr": "Chris Hukai", "action_flag": 2, "change_message": "[{\"changed\": {\"fields\": [\"name\"]}}]"}}, {"model": "admin.logentry", "pk": 32, "fields": {"action_time": "2018-08-06T12:49:44.569Z", "user": 1, "content_type": 17, "object_id": "3", "object_repr": "FamilyMember object (3)", "action_flag": 3, "change_message": ""}}, {"model": "admin.logentry", "pk": 33, "fields": {"action_time": "2018-08-06T12:49:44.574Z", "user": 1, "content_type": 17, "object_id": "2", "object_repr": "FamilyMember object (2)", "action_flag": 3, "change_message": ""}}, {"model": "admin.logentry", "pk": 34, "fields": {"action_time": "2018-08-06T12:49:44.576Z", "user": 1, "content_type": 17, "object_id": "1", "object_repr": "FamilyMember object (1)", "action_flag": 3, "change_message": ""}}, {"model": "admin.logentry", "pk": 35, "fields": {"action_time": "2018-08-07T22:32:18.074Z", "user": 1, "content_type": 17, "object_id": "23", "object_repr": "FamilyMember object (23)", "action_flag": 3, "change_message": ""}}, {"model": "admin.logentry", "pk": 36, "fields": {"action_time": "2018-08-07T22:32:18.092Z", "user": 1, "content_type": 17, "object_id": "22", "object_repr": "FamilyMember object (22)", "action_flag": 3, "change_message": ""}}, {"model": "admin.logentry", "pk": 37, "fields": {"action_time": "2018-08-07T22:32:18.095Z", "user": 1, "content_type": 17, "object_id": "21", "object_repr": "FamilyMember object (21)", "action_flag": 3, "change_message": ""}}, {"model": "admin.logentry", "pk": 38, "fields": {"action_time": "2018-08-07T22:32:18.097Z", "user": 1, "content_type": 17, "object_id": "20", "object_repr": "FamilyMember object (20)", "action_flag": 3, "change_message": ""}}, {"model": "admin.logentry", "pk": 39, "fields": {"action_time": "2018-08-07T22:32:18.099Z", "user": 1, "content_type": 17, "object_id": "19", "object_repr": "FamilyMember object (19)", "action_flag": 3, "change_message": ""}}, {"model": "admin.logentry", "pk": 40, "fields": {"action_time": "2018-08-07T22:32:18.102Z", "user": 1, "content_type": 17, "object_id": "18", "object_repr": "FamilyMember object (18)", "action_flag": 3, "change_message": ""}}, {"model": "admin.logentry", "pk": 41, "fields": {"action_time": "2018-08-07T22:32:18.105Z", "user": 1, "content_type": 17, "object_id": "17", "object_repr": "FamilyMember object (17)", "action_flag": 3, "change_message": ""}}, {"model": "admin.logentry", "pk": 42, "fields": {"action_time": "2018-08-07T22:32:18.108Z", "user": 1, "content_type": 17, "object_id": "16", "object_repr": "FamilyMember object (16)", "action_flag": 3, "change_message": ""}}, {"model": "admin.logentry", "pk": 43, "fields": {"action_time": "2018-08-07T22:32:18.110Z", "user": 1, "content_type": 17, "object_id": "15", "object_repr": "FamilyMember object (15)", "action_flag": 3, "change_message": ""}}, {"model": "admin.logentry", "pk": 44, "fields": {"action_time": "2018-08-07T22:32:18.112Z", "user": 1, "content_type": 17, "object_id": "14", "object_repr": "FamilyMember object (14)", "action_flag": 3, "change_message": ""}}, {"model": "admin.logentry", "pk": 45, "fields": {"action_time": "2018-08-07T22:32:18.114Z", "user": 1, "content_type": 17, "object_id": "13", "object_repr": "FamilyMember object (13)", "action_flag": 3, "change_message": ""}}, {"model": "admin.logentry", "pk": 46, "fields": {"action_time": "2018-08-07T22:32:18.116Z", "user": 1, "content_type": 17, "object_id": "12", "object_repr": "FamilyMember object (12)", "action_flag": 3, "change_message": ""}}, {"model": "admin.logentry", "pk": 47, "fields": {"action_time": "2018-08-07T22:32:18.119Z", "user": 1, "content_type": 17, "object_id": "11", "object_repr": "FamilyMember object (11)", "action_flag": 3, "change_message": ""}}, {"model": "admin.logentry", "pk": 48, "fields": {"action_time": "2018-08-07T22:32:18.121Z", "user": 1, "content_type": 17, "object_id": "10", "object_repr": "FamilyMember object (10)", "action_flag": 3, "change_message": ""}}, {"model": "admin.logentry", "pk": 49, "fields": {"action_time": "2018-08-07T22:32:18.125Z", "user": 1, "content_type": 17, "object_id": "9", "object_repr": "FamilyMember object (9)", "action_flag": 3, "change_message": ""}}, {"model": "admin.logentry", "pk": 50, "fields": {"action_time": "2018-08-07T22:32:18.127Z", "user": 1, "content_type": 17, "object_id": "8", "object_repr": "FamilyMember object (8)", "action_flag": 3, "change_message": ""}}, {"model": "admin.logentry", "pk": 51, "fields": {"action_time": "2018-08-07T22:32:18.129Z", "user": 1, "content_type": 17, "object_id": "7", "object_repr": "FamilyMember object (7)", "action_flag": 3, "change_message": ""}}, {"model": "admin.logentry", "pk": 52, "fields": {"action_time": "2018-08-07T22:32:18.131Z", "user": 1, "content_type": 17, "object_id": "5", "object_repr": "FamilyMember object (5)", "action_flag": 3, "change_message": ""}}, {"model": "admin.logentry", "pk": 53, "fields": {"action_time": "2018-08-07T22:32:18.134Z", "user": 1, "content_type": 17, "object_id": "4", "object_repr": "FamilyMember object (4)", "action_flag": 3, "change_message": ""}}, {"model": "admin.logentry", "pk": 54, "fields": {"action_time": "2018-08-08T17:51:46.486Z", "user": 1, "content_type": 4, "object_id": "7", "object_repr": "christian.org96@gmail.com", "action_flag": 3, "change_message": ""}}, {"model": "admin.logentry", "pk": 55, "fields": {"action_time": "2018-08-08T17:52:37.101Z", "user": 1, "content_type": 16, "object_id": "1", "object_repr": "Christian Comprador", "action_flag": 2, "change_message": "[{\"changed\": {\"fields\": [\"email\"]}}]"}}, {"model": "admin.logentry", "pk": 56, "fields": {"action_time": "2018-08-08T17:52:49.896Z", "user": 1, "content_type": 18, "object_id": "1", "object_repr": "Chris Vendedo", "action_flag": 2, "change_message": "[{\"changed\": {\"fields\": [\"email\"]}}]"}}, {"model": "admin.logentry", "pk": 57, "fields": {"action_time": "2018-08-08T19:06:48.787Z", "user": 1, "content_type": 4, "object_id": "8", "object_repr": "christian.hukai@gmail.com", "action_flag": 3, "change_message": ""}}, {"model": "admin.logentry", "pk": 58, "fields": {"action_time": "2018-08-08T19:10:58.650Z", "user": 1, "content_type": 4, "object_id": "9", "object_repr": "christian.hukai@gmail.com", "action_flag": 3, "change_message": ""}}, {"model": "admin.logentry", "pk": 59, "fields": {"action_time": "2018-08-08T19:14:02.873Z", "user": 1, "content_type": 4, "object_id": "10", "object_repr": "christian.hukai@gmail.com", "action_flag": 3, "change_message": ""}}, {"model": "admin.logentry", "pk": 60, "fields": {"action_time": "2018-08-08T19:14:49.079Z", "user": 1, "content_type": 4, "object_id": "12", "object_repr": "christian.hukai@gmail.com", "action_flag": 3, "change_message": ""}}, {"model": "admin.logentry", "pk": 61, "fields": {"action_time": "2018-08-08T19:15:23.499Z", "user": 1, "content_type": 4, "object_id": "13", "object_repr": "christian.hukai@gmail.com", "action_flag": 3, "change_message": ""}}, {"model": "admin.logentry", "pk": 62, "fields": {"action_time": "2018-08-08T19:18:07.109Z", "user": 1, "content_type": 4, "object_id": "14", "object_repr": "christian.hukai@gmail.com", "action_flag": 3, "change_message": ""}}, {"model": "admin.logentry", "pk": 63, "fields": {"action_time": "2018-08-09T12:22:46.569Z", "user": 1, "content_type": 4, "object_id": "15", "object_repr": "christian.hukai@gmail.com", "action_flag": 3, "change_message": ""}}, {"model": "admin.logentry", "pk": 64, "fields": {"action_time": "2018-08-14T11:31:23.202Z", "user": 1, "content_type": 4, "object_id": "16", "object_repr": "christian.hukai@gmail.com", "action_flag": 3, "change_message": ""}}, {"model": "admin.logentry", "pk": 65, "fields": {"action_time": "2018-08-15T11:46:00.898Z", "user": 1, "content_type": 12, "object_id": "5", "object_repr": "PlacePrice object (5)", "action_flag": 1, "change_message": "[{\"added\": {}}]"}}, {"model": "admin.logentry", "pk": 66, "fields": {"action_time": "2018-08-15T11:46:05.739Z", "user": 1, "content_type": 12, "object_id": "6", "object_repr": "PlacePrice object (6)", "action_flag": 1, "change_message": "[{\"added\": {}}]"}}, {"model": "admin.logentry", "pk": 67, "fields": {"action_time": "2018-08-15T11:46:10.245Z", "user": 1, "content_type": 12, "object_id": "7", "object_repr": "PlacePrice object (7)", "action_flag": 1, "change_message": "[{\"added\": {}}]"}}, {"model": "admin.logentry", "pk": 68, "fields": {"action_time": "2018-08-15T11:46:16.660Z", "user": 1, "content_type": 12, "object_id": "8", "object_repr": "PlacePrice object (8)", "action_flag": 1, "change_message": "[{\"added\": {}}]"}}, {"model": "admin.logentry", "pk": 69, "fields": {"action_time": "2018-08-15T11:46:21.907Z", "user": 1, "content_type": 12, "object_id": "9", "object_repr": "PlacePrice object (9)", "action_flag": 1, "change_message": "[{\"added\": {}}]"}}, {"model": "admin.logentry", "pk": 70, "fields": {"action_time": "2018-08-15T11:46:27.368Z", "user": 1, "content_type": 12, "object_id": "10", "object_repr": "PlacePrice object (10)", "action_flag": 1, "change_message": "[{\"added\": {}}]"}}, {"model": "admin.logentry", "pk": 71, "fields": {"action_time": "2018-08-15T11:46:32.388Z", "user": 1, "content_type": 12, "object_id": "11", "object_repr": "PlacePrice object (11)", "action_flag": 1, "change_message": "[{\"added\": {}}]"}}, {"model": "admin.logentry", "pk": 72, "fields": {"action_time": "2018-08-15T11:46:38.241Z", "user": 1, "content_type": 12, "object_id": "12", "object_repr": "PlacePrice object (12)", "action_flag": 1, "change_message": "[{\"added\": {}}]"}}, {"model": "admin.logentry", "pk": 73, "fields": {"action_time": "2018-08-15T11:46:42.677Z", "user": 1, "content_type": 12, "object_id": "13", "object_repr": "PlacePrice object (13)", "action_flag": 1, "change_message": "[{\"added\": {}}]"}}, {"model": "admin.logentry", "pk": 74, "fields": {"action_time": "2018-08-15T11:46:47.724Z", "user": 1, "content_type": 12, "object_id": "14", "object_repr": "PlacePrice object (14)", "action_flag": 1, "change_message": "[{\"added\": {}}]"}}, {"model": "admin.logentry", "pk": 75, "fields": {"action_time": "2018-08-15T11:54:54.482Z", "user": 1, "content_type": 14, "object_id": "15", "object_repr": "PlaceUnavailability object (15)", "action_flag": 1, "change_message": "[{\"added\": {}}]"}}, {"model": "admin.logentry", "pk": 76, "fields": {"action_time": "2018-08-15T13:05:55.773Z", "user": 1, "content_type": 14, "object_id": "15", "object_repr": "Exemplo9", "action_flag": 2, "change_message": "[{\"changed\": {\"fields\": [\"datetime_end\"]}}]"}}, {"model": "admin.logentry", "pk": 77, "fields": {"action_time": "2018-08-15T13:06:19.634Z", "user": 1, "content_type": 14, "object_id": "16", "object_repr": "Exemplo9", "action_flag": 1, "change_message": "[{\"added\": {}}]"}}, {"model": "admin.logentry", "pk": 78, "fields": {"action_time": "2018-08-15T16:23:31.109Z", "user": 1, "content_type": 14, "object_id": "15", "object_repr": "Exemplo9", "action_flag": 2, "change_message": "[{\"changed\": {\"fields\": [\"datetime_begin\"]}}]"}}, {"model": "admin.logentry", "pk": 79, "fields": {"action_time": "2018-08-27T10:50:31.813Z", "user": 2, "content_type": 15, "object_id": "1", "object_repr": "Review de Exemplo10", "action_flag": 3, "change_message": ""}}, {"model": "admin.logentry", "pk": 80, "fields": {"action_time": "2018-08-27T11:11:59.570Z", "user": 2, "content_type": 14, "object_id": "18", "object_repr": "Exemplo2 - Teste!", "action_flag": 1, "change_message": "[{\"added\": {}}]"}}, {"model": "admin.logentry", "pk": 81, "fields": {"action_time": "2018-08-27T11:12:02.163Z", "user": 2, "content_type": 13, "object_id": "4", "object_repr": "Exemplo2 - Teste!", "action_flag": 1, "change_message": "[{\"added\": {}}]"}}, {"model": "admin.logentry", "pk": 82, "fields": {"action_time": "2018-09-02T23:23:55.152Z", "user": 1, "content_type": 19, "object_id": "1", "object_repr": "Message object (1)", "action_flag": 1, "change_message": "[{\"added\": {}}]"}}, {"model": "admin.logentry", "pk": 83, "fields": {"action_time": "2018-09-03T12:28:02.925Z", "user": 1, "content_type": 19, "object_id": "2", "object_repr": "Message object (2)", "action_flag": 1, "change_message": "[{\"added\": {}}]"}}, {"model": "admin.logentry", "pk": 84, "fields": {"action_time": "2018-09-03T15:24:46.557Z", "user": 1, "content_type": 19, "object_id": "2", "object_repr": "Message object (2)", "action_flag": 2, "change_message": "[{\"changed\": {\"fields\": [\"text\"]}}]"}}, {"model": "admin.logentry", "pk": 85, "fields": {"action_time": "2018-09-03T15:28:47.156Z", "user": 1, "content_type": 19, "object_id": "2", "object_repr": "Message object (2)", "action_flag": 2, "change_message": "[{\"changed\": {\"fields\": [\"text\"]}}]"}}, {"model": "admin.logentry", "pk": 86, "fields": {"action_time": "2018-09-03T15:32:16.359Z", "user": 1, "content_type": 19, "object_id": "2", "object_repr": "Message object (2)", "action_flag": 2, "change_message": "[{\"changed\": {\"fields\": [\"text\"]}}]"}}, {"model": "admin.logentry", "pk": 87, "fields": {"action_time": "2018-09-03T15:32:29.474Z", "user": 1, "content_type": 19, "object_id": "2", "object_repr": "Message object (2)", "action_flag": 2, "change_message": "[{\"changed\": {\"fields\": [\"text\"]}}]"}}, {"model": "admin.logentry", "pk": 88, "fields": {"action_time": "2018-09-03T16:01:43.275Z", "user": 1, "content_type": 10, "object_id": "164", "object_repr": "Exemplo10", "action_flag": 2, "change_message": "[{\"changed\": {\"fields\": [\"is_first\"]}}]"}}, {"model": "admin.logentry", "pk": 89, "fields": {"action_time": "2018-09-05T04:51:23.070Z", "user": 2, "content_type": 19, "object_id": "2", "object_repr": "Message object (2)", "action_flag": 2, "change_message": "[{\"changed\": {\"fields\": [\"place\"]}}]"}}, {"model": "admin.logentry", "pk": 90, "fields": {"action_time": "2018-09-05T04:51:29.075Z", "user": 2, "content_type": 19, "object_id": "1", "object_repr": "Message object (1)", "action_flag": 2, "change_message": "[{\"changed\": {\"fields\": [\"place\"]}}]"}}, {"model": "admin.logentry", "pk": 91, "fields": {"action_time": "2018-09-05T04:56:42.620Z", "user": 2, "content_type": 10, "object_id": "90", "object_repr": "Circo M\u00e1gico Buffet Infantil", "action_flag": 2, "change_message": "[{\"changed\": {\"fields\": [\"is_first\"]}}]"}}, {"model": "admin.logentry", "pk": 92, "fields": {"action_time": "2018-09-05T06:59:39.211Z", "user": 2, "content_type": 19, "object_id": "2", "object_repr": "Message object (2)", "action_flag": 2, "change_message": "[{\"changed\": {\"fields\": [\"text\"]}}]"}}, {"model": "admin.logentry", "pk": 93, "fields": {"action_time": "2018-09-05T06:59:51.286Z", "user": 2, "content_type": 19, "object_id": "1", "object_repr": "Message object (1)", "action_flag": 2, "change_message": "[{\"changed\": {\"fields\": [\"text\"]}}]"}}, {"model": "admin.logentry", "pk": 94, "fields": {"action_time": "2018-09-05T07:01:25.993Z", "user": 2, "content_type": 19, "object_id": "1", "object_repr": "Message object (1)", "action_flag": 2, "change_message": "[{\"changed\": {\"fields\": [\"text\"]}}]"}}, {"model": "admin.logentry", "pk": 95, "fields": {"action_time": "2018-09-05T07:02:24.679Z", "user": 2, "content_type": 19, "object_id": "1", "object_repr": "Message object (1)", "action_flag": 2, "change_message": "[{\"changed\": {\"fields\": [\"text\"]}}]"}}, {"model": "admin.logentry", "pk": 96, "fields": {"action_time": "2018-09-06T15:35:54.273Z", "user": 2, "content_type": 19, "object_id": "3", "object_repr": "Message object (3)", "action_flag": 1, "change_message": "[{\"added\": {}}]"}}, {"model": "admin.logentry", "pk": 97, "fields": {"action_time": "2018-09-06T15:36:25.500Z", "user": 2, "content_type": 19, "object_id": "4", "object_repr": "Message object (4)", "action_flag": 1, "change_message": "[{\"added\": {}}]"}}, {"model": "admin.logentry", "pk": 98, "fields": {"action_time": "2018-09-06T17:45:13.153Z", "user": 2, "content_type": 10, "object_id": "5", "object_repr": "Exemplo5", "action_flag": 2, "change_message": "[{\"changed\": {\"fields\": [\"is_first\"]}}]"}}, {"model": "admin.logentry", "pk": 99, "fields": {"action_time": "2018-09-06T19:31:57.373Z", "user": 2, "content_type": 10, "object_id": "150", "object_repr": "Exemplo2 - Teste!", "action_flag": 2, "change_message": "[{\"changed\": {\"fields\": [\"is_first\"]}}]"}}, {"model": "admin.logentry", "pk": 100, "fields": {"action_time": "2018-09-06T19:32:07.097Z", "user": 2, "content_type": 10, "object_id": "57", "object_repr": "Exemplo11", "action_flag": 2, "change_message": "[{\"changed\": {\"fields\": [\"is_first\"]}}]"}}, {"model": "admin.logentry", "pk": 101, "fields": {"action_time": "2018-09-06T19:32:21.703Z", "user": 2, "content_type": 10, "object_id": "1", "object_repr": "Exemplo1", "action_flag": 2, "change_message": "[{\"changed\": {\"fields\": [\"is_first\"]}}]"}}, {"model": "admin.logentry", "pk": 102, "fields": {"action_time": "2018-09-06T19:32:24.697Z", "user": 2, "content_type": 10, "object_id": "48", "object_repr": "Exemplo9", "action_flag": 2, "change_message": "[{\"changed\": {\"fields\": [\"is_first\"]}}]"}}, {"model": "admin.logentry", "pk": 103, "fields": {"action_time": "2018-09-06T19:32:26.928Z", "user": 2, "content_type": 10, "object_id": "38", "object_repr": "Exemplo4", "action_flag": 2, "change_message": "[{\"changed\": {\"fields\": [\"is_first\"]}}]"}}, {"model": "admin.logentry", "pk": 104, "fields": {"action_time": "2018-09-06T19:32:29.095Z", "user": 2, "content_type": 10, "object_id": "8", "object_repr": "Exemplo8", "action_flag": 2, "change_message": "[{\"changed\": {\"fields\": [\"is_first\"]}}]"}}, {"model": "admin.logentry", "pk": 105, "fields": {"action_time": "2018-09-06T19:32:31.069Z", "user": 2, "content_type": 10, "object_id": "6", "object_repr": "Exemplo6", "action_flag": 2, "change_message": "[{\"changed\": {\"fields\": [\"is_first\"]}}]"}}, {"model": "admin.logentry", "pk": 106, "fields": {"action_time": "2018-09-06T19:32:35.967Z", "user": 2, "content_type": 10, "object_id": "3", "object_repr": "Exemplo3", "action_flag": 2, "change_message": "[{\"changed\": {\"fields\": [\"is_first\"]}}]"}}, {"model": "admin.logentry", "pk": 107, "fields": {"action_time": "2018-09-17T20:05:15.921Z", "user": 1, "content_type": 14, "object_id": "19", "object_repr": "Exemplo9", "action_flag": 1, "change_message": "[{\"added\": {}}]"}}, {"model": "admin.logentry", "pk": 108, "fields": {"action_time": "2018-09-17T20:05:17.650Z", "user": 1, "content_type": 13, "object_id": "5", "object_repr": "Exemplo9", "action_flag": 1, "change_message": "[{\"added\": {}}]"}}, {"model": "admin.logentry", "pk": 109, "fields": {"action_time": "2018-09-17T20:05:28.388Z", "user": 1, "content_type": 15, "object_id": "4", "object_repr": "Review de Exemplo9", "action_flag": 1, "change_message": "[{\"added\": {}}]"}}, {"model": "admin.logentry", "pk": 110, "fields": {"action_time": "2018-09-17T20:06:08.567Z", "user": 1, "content_type": 14, "object_id": "20", "object_repr": "Exemplo2 - Teste!", "action_flag": 1, "change_message": "[{\"added\": {}}]"}}, {"model": "admin.logentry", "pk": 111, "fields": {"action_time": "2018-09-17T20:06:10.002Z", "user": 1, "content_type": 13, "object_id": "6", "object_repr": "Exemplo2 - Teste!", "action_flag": 1, "change_message": "[{\"added\": {}}]"}}, {"model": "admin.logentry", "pk": 112, "fields": {"action_time": "2018-09-17T20:06:16.376Z", "user": 1, "content_type": 15, "object_id": "5", "object_repr": "Review de Exemplo2 - Teste!", "action_flag": 1, "change_message": "[{\"added\": {}}]"}}, {"model": "admin.logentry", "pk": 113, "fields": {"action_time": "2018-09-17T21:45:41.148Z", "user": 1, "content_type": 8, "object_id": "4", "object_repr": "Circo M\u00e1gico Buffet Infantil", "action_flag": 2, "change_message": "[{\"changed\": {\"fields\": [\"children_rides\"]}}]"}}, {"model": "admin.logentry", "pk": 114, "fields": {"action_time": "2018-09-17T21:46:06.744Z", "user": 1, "content_type": 8, "object_id": "4", "object_repr": "Circo M\u00e1gico Buffet Infantil", "action_flag": 2, "change_message": "[{\"changed\": {\"fields\": [\"children_rides\"]}}]"}}, {"model": "admin.logentry", "pk": 115, "fields": {"action_time": "2018-09-17T22:02:43.756Z", "user": 1, "content_type": 8, "object_id": "4", "object_repr": "Circo M\u00e1gico Buffet Infantil", "action_flag": 2, "change_message": "[{\"changed\": {\"fields\": [\"video\"]}}]"}}, {"model": "admin.logentry", "pk": 116, "fields": {"action_time": "2018-10-06T19:14:14.276Z", "user": 1, "content_type": 8, "object_id": "6", "object_repr": "Exemplo5", "action_flag": 2, "change_message": "[{\"changed\": {\"fields\": [\"description\"]}}]"}}, {"model": "admin.logentry", "pk": 117, "fields": {"action_time": "2018-10-18T18:45:36.996Z", "user": 1, "content_type": 19, "object_id": "49", "object_repr": "Message object (49)", "action_flag": 2, "change_message": "[{\"changed\": {\"fields\": [\"text\"]}}]"}}, {"model": "admin.logentry", "pk": 118, "fields": {"action_time": "2018-10-22T17:29:36.798Z", "user": 2, "content_type": 16, "object_id": "1", "object_repr": "Christian Comprado", "action_flag": 2, "change_message": "[{\"changed\": {\"fields\": [\"photo\"]}}]"}}, {"model": "admin.logentry", "pk": 119, "fields": {"action_time": "2018-10-24T01:13:11.483Z", "user": 1, "content_type": 4, "object_id": "19", "object_repr": "christian.hukai@gmail.com1885573894802353", "action_flag": 3, "change_message": ""}}, {"model": "admin.logentry", "pk": 120, "fields": {"action_time": "2018-10-24T01:16:53.484Z", "user": 1, "content_type": 4, "object_id": "20", "object_repr": "FACEBOOKUSERchristian.hukai@gmail.com1885573894802353", "action_flag": 3, "change_message": ""}}, {"model": "admin.logentry", "pk": 121, "fields": {"action_time": "2018-10-24T01:17:31.517Z", "user": 1, "content_type": 4, "object_id": "21", "object_repr": "FACEBOOKUSERchristian.hukai@gmail.com1885573894802353", "action_flag": 3, "change_message": ""}}, {"model": "admin.logentry", "pk": 122, "fields": {"action_time": "2018-10-24T01:25:36.103Z", "user": 1, "content_type": 16, "object_id": "12", "object_repr": "Christian Hukai", "action_flag": 3, "change_message": ""}}, {"model": "admin.logentry", "pk": 123, "fields": {"action_time": "2018-10-24T01:25:52.504Z", "user": 1, "content_type": 4, "object_id": "22", "object_repr": "FACEBOOKUSERchristian.hukai@gmail.com1885573894802353", "action_flag": 3, "change_message": ""}}, {"model": "admin.logentry", "pk": 124, "fields": {"action_time": "2018-10-24T01:26:31.591Z", "user": 1, "content_type": 16, "object_id": "13", "object_repr": "Christian Hukai", "action_flag": 3, "change_message": ""}}, {"model": "admin.logentry", "pk": 125, "fields": {"action_time": "2018-10-24T01:29:09.681Z", "user": 1, "content_type": 4, "object_id": "24", "object_repr": "FACEBOOKUSERchristian.hukai@gmail.com1885573894802353", "action_flag": 3, "change_message": ""}}, {"model": "admin.logentry", "pk": 126, "fields": {"action_time": "2018-10-24T01:29:46.721Z", "user": 1, "content_type": 4, "object_id": "26", "object_repr": "FACEBOOKUSERchristian.hukai@gmail.com1885573894802353", "action_flag": 3, "change_message": ""}}, {"model": "admin.logentry", "pk": 127, "fields": {"action_time": "2018-10-24T01:32:37.808Z", "user": 1, "content_type": 4, "object_id": "27", "object_repr": "FACEBOOKUSERchristian.hukai@gmail.com1885573894802353", "action_flag": 3, "change_message": ""}}, {"model": "admin.logentry", "pk": 128, "fields": {"action_time": "2018-10-24T01:33:00.173Z", "user": 1, "content_type": 4, "object_id": "29", "object_repr": "FACEBOOKUSERchristian.hukai@gmail.com1885573894802353", "action_flag": 3, "change_message": ""}}, {"model": "admin.logentry", "pk": 129, "fields": {"action_time": "2018-10-24T01:34:50.078Z", "user": 1, "content_type": 4, "object_id": "30", "object_repr": "FACEBOOKUSERchristian.hukai@gmail.com1885573894802353", "action_flag": 3, "change_message": ""}}, {"model": "admin.logentry", "pk": 130, "fields": {"action_time": "2018-10-24T01:40:54.526Z", "user": 1, "content_type": 4, "object_id": "32", "object_repr": "FACEBOOKUSERchristian.hukai@gmail.com1885573894802353", "action_flag": 3, "change_message": ""}}, {"model": "admin.logentry", "pk": 131, "fields": {"action_time": "2018-10-24T01:41:27.268Z", "user": 1, "content_type": 4, "object_id": "33", "object_repr": "FACEBOOKUSERchristian.hukai@gmail.com1885573894802353", "action_flag": 3, "change_message": ""}}, {"model": "admin.logentry", "pk": 132, "fields": {"action_time": "2018-10-24T01:42:25.263Z", "user": 1, "content_type": 4, "object_id": "34", "object_repr": "FACEBOOKUSERchristian.hukai@gmail.com1885573894802353", "action_flag": 3, "change_message": ""}}, {"model": "admin.logentry", "pk": 133, "fields": {"action_time": "2018-10-24T01:43:25.239Z", "user": 1, "content_type": 4, "object_id": "35", "object_repr": "FACEBOOKUSERchristian.hukai@gmail.com1885573894802353", "action_flag": 3, "change_message": ""}}, {"model": "admin.logentry", "pk": 134, "fields": {"action_time": "2018-10-24T01:44:29.216Z", "user": 1, "content_type": 4, "object_id": "36", "object_repr": "FACEBOOKUSERchristian.hukai@gmail.com1885573894802353", "action_flag": 3, "change_message": ""}}, {"model": "admin.logentry", "pk": 135, "fields": {"action_time": "2018-10-24T01:45:13.980Z", "user": 1, "content_type": 4, "object_id": "18", "object_repr": "ChristianHukai", "action_flag": 3, "change_message": ""}}, {"model": "admin.logentry", "pk": 136, "fields": {"action_time": "2018-10-24T01:45:39.240Z", "user": 1, "content_type": 4, "object_id": "37", "object_repr": "FACEBOOKUSERchristian.hukai@gmail.com1885573894802353", "action_flag": 3, "change_message": ""}}, {"model": "admin.logentry", "pk": 137, "fields": {"action_time": "2018-10-24T01:52:49.094Z", "user": 1, "content_type": 4, "object_id": "38", "object_repr": "FACEBOOKUSERchristian.hukai@gmail.com1885573894802353", "action_flag": 3, "change_message": ""}}, {"model": "admin.logentry", "pk": 138, "fields": {"action_time": "2018-10-24T01:53:50.721Z", "user": 1, "content_type": 4, "object_id": "39", "object_repr": "FACEBOOKUSERchristian.hukai@gmail.com1885573894802353", "action_flag": 3, "change_message": ""}}, {"model": "admin.logentry", "pk": 139, "fields": {"action_time": "2018-10-24T01:54:16.711Z", "user": 1, "content_type": 4, "object_id": "40", "object_repr": "FACEBOOKUSERchristian.hukai@gmail.com1885573894802353", "action_flag": 3, "change_message": ""}}, {"model": "admin.logentry", "pk": 140, "fields": {"action_time": "2018-10-24T02:00:20.708Z", "user": 1, "content_type": 4, "object_id": "41", "object_repr": "FACEBOOKUSERchristian.hukai@gmail.com1885573894802353", "action_flag": 3, "change_message": ""}}, {"model": "admin.logentry", "pk": 141, "fields": {"action_time": "2018-10-24T02:33:09.338Z", "user": 1, "content_type": 4, "object_id": "42", "object_repr": "FACEBOOKUSERchristian.hukai@gmail.com1885573894802353", "action_flag": 3, "change_message": ""}}, {"model": "admin.logentry", "pk": 142, "fields": {"action_time": "2018-10-25T18:56:27.299Z", "user": 1, "content_type": 8, "object_id": "11", "object_repr": "Rua da Consola\u00e7\u00e3o - Consola\u00e7\u00e3o, S\u00e3o Paulo - SP, Brasil", "action_flag": 2, "change_message": "[{\"changed\": {\"fields\": [\"name\", \"children_rides\", \"decoration\", \"lat\", \"lng\"]}}]"}}, {"model": "admin.logentry", "pk": 143, "fields": {"action_time": "2018-10-27T06:47:33.506Z", "user": 1, "content_type": 25, "object_id": "1", "object_repr": "PlaceFeature object (1)", "action_flag": 1, "change_message": "[{\"added\": {}}]"}}, {"model": "admin.logentry", "pk": 144, "fields": {"action_time": "2018-10-27T07:35:14.820Z", "user": 1, "content_type": 25, "object_id": "1", "object_repr": "PlaceFeature object (1)", "action_flag": 2, "change_message": "[{\"changed\": {\"fields\": [\"reservation_factor\", \"reservation_factor_firstday\"]}}]"}}, {"model": "admin.logentry", "pk": 145, "fields": {"action_time": "2018-10-27T16:51:57.828Z", "user": 1, "content_type": 14, "object_id": "21", "object_repr": "Exemplo2 - Teste!", "action_flag": 1, "change_message": "[{\"added\": {}}]"}}, {"model": "admin.logentry", "pk": 146, "fields": {"action_time": "2018-10-27T16:52:00.746Z", "user": 1, "content_type": 13, "object_id": "7", "object_repr": "Exemplo2 - Teste!", "action_flag": 1, "change_message": "[{\"added\": {}}]"}}, {"model": "admin.logentry", "pk": 147, "fields": {"action_time": "2018-10-29T15:15:40.954Z", "user": 1, "content_type": 25, "object_id": "1", "object_repr": "PlaceFeature object (1)", "action_flag": 2, "change_message": "[{\"changed\": {\"fields\": [\"review_factor\"]}}]"}}, {"model": "admin.logentry", "pk": 148, "fields": {"action_time": "2018-10-29T15:19:35.581Z", "user": 1, "content_type": 14, "object_id": "22", "object_repr": "Exemplo9", "action_flag": 1, "change_message": "[{\"added\": {}}]"}}, {"model": "admin.logentry", "pk": 149, "fields": {"action_time": "2018-10-29T15:19:39.215Z", "user": 1, "content_type": 13, "object_id": "8", "object_repr": "Exemplo9", "action_flag": 1, "change_message": "[{\"added\": {}}]"}}, {"model": "admin.logentry", "pk": 150, "fields": {"action_time": "2018-10-29T15:19:40.885Z", "user": 1, "content_type": 15, "object_id": "6", "object_repr": "Review de Exemplo9", "action_flag": 1, "change_message": "[{\"added\": {}}]"}}, {"model": "admin.logentry", "pk": 151, "fields": {"action_time": "2018-10-29T15:26:30.283Z", "user": 1, "content_type": 25, "object_id": "1", "object_repr": "PlaceFeature object (1)", "action_flag": 2, "change_message": "[{\"changed\": {\"fields\": [\"review_factor\"]}}]"}}, {"model": "admin.logentry", "pk": 152, "fields": {"action_time": "2018-10-29T15:27:06.597Z", "user": 1, "content_type": 25, "object_id": "1", "object_repr": "PlaceFeature object (1)", "action_flag": 2, "change_message": "[{\"changed\": {\"fields\": [\"review_factor\"]}}]"}}, {"model": "admin.logentry", "pk": 153, "fields": {"action_time": "2018-10-29T15:27:16.077Z", "user": 1, "content_type": 25, "object_id": "1", "object_repr": "PlaceFeature object (1)", "action_flag": 2, "change_message": "[{\"changed\": {\"fields\": [\"review_factor\"]}}]"}}, {"model": "admin.logentry", "pk": 154, "fields": {"action_time": "2018-10-29T15:27:33.368Z", "user": 1, "content_type": 25, "object_id": "1", "object_repr": "PlaceFeature object (1)", "action_flag": 2, "change_message": "[{\"changed\": {\"fields\": [\"review_factor\"]}}]"}}, {"model": "admin.logentry", "pk": 155, "fields": {"action_time": "2018-10-29T15:27:53.449Z", "user": 1, "content_type": 25, "object_id": "1", "object_repr": "PlaceFeature object (1)", "action_flag": 2, "change_message": "[{\"changed\": {\"fields\": [\"review_factor\"]}}]"}}, {"model": "admin.logentry", "pk": 156, "fields": {"action_time": "2018-10-29T15:29:48.200Z", "user": 1, "content_type": 25, "object_id": "1", "object_repr": "PlaceFeature object (1)", "action_flag": 2, "change_message": "[{\"changed\": {\"fields\": [\"view_factor_firstday\"]}}]"}}, {"model": "admin.logentry", "pk": 157, "fields": {"action_time": "2018-10-29T15:30:18.223Z", "user": 1, "content_type": 25, "object_id": "1", "object_repr": "PlaceFeature object (1)", "action_flag": 2, "change_message": "[{\"changed\": {\"fields\": [\"review_factor_firstday\"]}}]"}}, {"model": "admin.logentry", "pk": 158, "fields": {"action_time": "2018-10-29T15:34:25.544Z", "user": 1, "content_type": 25, "object_id": "1", "object_repr": "PlaceFeature object (1)", "action_flag": 2, "change_message": "[{\"changed\": {\"fields\": [\"review_factor\"]}}]"}}, {"model": "admin.logentry", "pk": 159, "fields": {"action_time": "2018-10-29T15:34:39.772Z", "user": 1, "content_type": 25, "object_id": "1", "object_repr": "PlaceFeature object (1)", "action_flag": 2, "change_message": "[{\"changed\": {\"fields\": [\"review_factor\"]}}]"}}, {"model": "admin.logentry", "pk": 160, "fields": {"action_time": "2018-10-29T15:47:45.865Z", "user": 1, "content_type": 25, "object_id": "1", "object_repr": "PlaceFeature object (1)", "action_flag": 2, "change_message": "[{\"changed\": {\"fields\": [\"visualization_factor\"]}}]"}}, {"model": "admin.logentry", "pk": 161, "fields": {"action_time": "2018-10-29T15:57:17.196Z", "user": 1, "content_type": 11, "object_id": "1", "object_repr": "Visualiza\u00e7\u00e3o de Exemplo2 - Teste! - 2018-09-29 07:30:23+00:00", "action_flag": 2, "change_message": "[{\"changed\": {\"fields\": [\"creation\"]}}]"}}, {"model": "admin.logentry", "pk": 162, "fields": {"action_time": "2018-10-29T16:00:31.915Z", "user": 1, "content_type": 25, "object_id": "1", "object_repr": "PlaceFeature object (1)", "action_flag": 2, "change_message": "[{\"changed\": {\"fields\": [\"visualization_factor\", \"review_factor\"]}}]"}}, {"model": "admin.logentry", "pk": 163, "fields": {"action_time": "2018-10-29T16:09:51.574Z", "user": 1, "content_type": 14, "object_id": "23", "object_repr": "Exemplo9", "action_flag": 1, "change_message": "[{\"added\": {}}]"}}, {"model": "admin.logentry", "pk": 164, "fields": {"action_time": "2018-10-29T16:09:53.737Z", "user": 1, "content_type": 13, "object_id": "9", "object_repr": "Exemplo9", "action_flag": 1, "change_message": "[{\"added\": {}}]"}}, {"model": "admin.logentry", "pk": 165, "fields": {"action_time": "2018-10-29T16:10:03.524Z", "user": 1, "content_type": 15, "object_id": "7", "object_repr": "Review de Exemplo9 - 2018-10-29 16:10:03.518649+00:00", "action_flag": 1, "change_message": "[{\"added\": {}}]"}}, {"model": "admin.logentry", "pk": 166, "fields": {"action_time": "2018-10-29T16:11:53.730Z", "user": 1, "content_type": 15, "object_id": "7", "object_repr": "Review de Exemplo9 - 2018-10-14 16:10:03+00:00", "action_flag": 2, "change_message": "[{\"changed\": {\"fields\": [\"creation\"]}}]"}}, {"model": "admin.logentry", "pk": 167, "fields": {"action_time": "2018-10-29T16:13:11.590Z", "user": 1, "content_type": 25, "object_id": "1", "object_repr": "PlaceFeature object (1)", "action_flag": 2, "change_message": "[{\"changed\": {\"fields\": [\"review_factor\"]}}]"}}, {"model": "admin.logentry", "pk": 168, "fields": {"action_time": "2018-10-29T16:13:26.924Z", "user": 1, "content_type": 25, "object_id": "1", "object_repr": "PlaceFeature object (1)", "action_flag": 2, "change_message": "[{\"changed\": {\"fields\": [\"review_factor\"]}}]"}}, {"model": "admin.logentry", "pk": 169, "fields": {"action_time": "2018-11-01T04:00:22.190Z", "user": 1, "content_type": 14, "object_id": "23", "object_repr": "Exemplo9", "action_flag": 2, "change_message": "[{\"changed\": {\"fields\": [\"datetime_begin\", \"datetime_end\"]}}]"}}, {"model": "admin.logentry", "pk": 170, "fields": {"action_time": "2018-11-01T04:01:51.739Z", "user": 1, "content_type": 14, "object_id": "23", "object_repr": "Exemplo9", "action_flag": 2, "change_message": "[{\"changed\": {\"fields\": [\"datetime_begin\"]}}]"}}, {"model": "admin.logentry", "pk": 171, "fields": {"action_time": "2018-11-01T04:02:38.155Z", "user": 1, "content_type": 14, "object_id": "23", "object_repr": "Exemplo9", "action_flag": 2, "change_message": "[{\"changed\": {\"fields\": [\"datetime_begin\"]}}]"}}, {"model": "admin.logentry", "pk": 172, "fields": {"action_time": "2018-11-03T02:45:44.955Z", "user": 1, "content_type": 12, "object_id": "15", "object_repr": "aqfawef waefawe", "action_flag": 1, "change_message": "[{\"added\": {}}]"}}, {"model": "admin.logentry", "pk": 173, "fields": {"action_time": "2018-11-03T02:46:23.162Z", "user": 1, "content_type": 12, "object_id": "16", "object_repr": "awawefwef", "action_flag": 1, "change_message": "[{\"added\": {}}]"}}, {"model": "admin.logentry", "pk": 174, "fields": {"action_time": "2018-11-03T03:25:35.176Z", "user": 1, "content_type": 8, "object_id": "11", "object_repr": "Rua da BLABLABLA - Consola\u00e7\u00e3o, S\u00e3o Paulo - SP, Brasil", "action_flag": 2, "change_message": "[{\"changed\": {\"fields\": [\"name\"]}}]"}}, {"model": "admin.logentry", "pk": 175, "fields": {"action_time": "2018-11-03T05:00:59.753Z", "user": 1, "content_type": 15, "object_id": "4", "object_repr": "Review de Exemplo9 - 2018-11-03 20:05:28+00:00", "action_flag": 2, "change_message": "[{\"changed\": {\"fields\": [\"creation\"]}}]"}}, {"model": "admin.logentry", "pk": 176, "fields": {"action_time": "2018-11-03T05:01:15.778Z", "user": 1, "content_type": 15, "object_id": "4", "object_repr": "Review de Exemplo9 - 2018-11-04 20:05:28+00:00", "action_flag": 2, "change_message": "[{\"changed\": {\"fields\": [\"creation\"]}}]"}}, {"model": "admin.logentry", "pk": 177, "fields": {"action_time": "2018-11-03T05:01:27.093Z", "user": 1, "content_type": 15, "object_id": "4", "object_repr": "Review de Exemplo9 - 2018-11-02 20:05:28+00:00", "action_flag": 2, "change_message": "[{\"changed\": {\"fields\": [\"creation\"]}}]"}}, {"model": "admin.logentry", "pk": 178, "fields": {"action_time": "2018-11-11T02:09:50.810Z", "user": 1, "content_type": 12, "object_id": "17", "object_repr": "ergwaeg FAWEGWEgawg awefwef awef", "action_flag": 1, "change_message": "[{\"added\": {}}]"}}, {"model": "admin.logentry", "pk": 179, "fields": {"action_time": "2018-11-11T02:11:03.966Z", "user": 1, "content_type": 12, "object_id": "17", "object_repr": "erj eoifjaweof pwahef pwaehf", "action_flag": 2, "change_message": "[{\"changed\": {\"fields\": [\"place\"]}}]"}}, {"model": "admin.logentry", "pk": 180, "fields": {"action_time": "2018-11-11T20:59:58.848Z", "user": 1, "content_type": 12, "object_id": "18", "object_repr": "erj eoifjaweof pwahef pwaehf", "action_flag": 1, "change_message": "[{\"added\": {}}]"}}, {"model": "admin.logentry", "pk": 181, "fields": {"action_time": "2018-11-11T21:00:14.530Z", "user": 1, "content_type": 12, "object_id": "18", "object_repr": "awawefwef", "action_flag": 2, "change_message": "[{\"changed\": {\"fields\": [\"place\"]}}]"}}, {"model": "admin.logentry", "pk": 182, "fields": {"action_time": "2018-11-12T05:48:57.636Z", "user": 1, "content_type": 12, "object_id": "24", "object_repr": "Exemplo2 - Teste!", "action_flag": 1, "change_message": "[{\"added\": {}}]"}}, {"model": "admin.logentry", "pk": 183, "fields": {"action_time": "2018-11-13T02:43:17.678Z", "user": 1, "content_type": 7, "object_id": "301", "object_repr": "place/photoprovisory/20180730_161439_WyzjKIP.jpg", "action_flag": 1, "change_message": "[{\"added\": {}}]"}}, {"model": "admin.logentry", "pk": 184, "fields": {"action_time": "2018-11-13T02:43:21.999Z", "user": 1, "content_type": 10, "object_id": "226", "object_repr": "erj eoifjaweof pwahef pwaehf", "action_flag": 1, "change_message": "[{\"added\": {}}]"}}, {"model": "admin.logentry", "pk": 185, "fields": {"action_time": "2018-11-13T02:54:19.768Z", "user": 1, "content_type": 8, "object_id": "15", "object_repr": "awefwaefawe fwafawefawef wa", "action_flag": 2, "change_message": "[{\"changed\": {\"fields\": [\"has_finished_basic\"]}}]"}}, {"model": "admin.logentry", "pk": 186, "fields": {"action_time": "2018-11-14T12:18:15.345Z", "user": 1, "content_type": 8, "object_id": "15", "object_repr": "awefwaefawe fwafawefawef wa", "action_flag": 2, "change_message": "[{\"changed\": {\"fields\": [\"has_finished_basic\", \"period_soon_begin\", \"period_soon_end\", \"period_late_begin\", \"period_late_end\"]}}]"}}, {"model": "admin.logentry", "pk": 187, "fields": {"action_time": "2018-11-14T12:20:02.200Z", "user": 1, "content_type": 8, "object_id": "9", "object_repr": "Exemplo2 - Teste!", "action_flag": 2, "change_message": "[{\"changed\": {\"fields\": [\"period_soon_begin\", \"period_soon_end\", \"period_late_begin\", \"period_late_end\"]}}]"}}, {"model": "admin.logentry", "pk": 188, "fields": {"action_time": "2018-11-15T14:11:05.969Z", "user": 1, "content_type": 14, "object_id": "23", "object_repr": "Exemplo9", "action_flag": 3, "change_message": ""}}, {"model": "admin.logentry", "pk": 189, "fields": {"action_time": "2018-11-15T14:11:06.084Z", "user": 1, "content_type": 14, "object_id": "22", "object_repr": "Exemplo9", "action_flag": 3, "change_message": ""}}, {"model": "admin.logentry", "pk": 190, "fields": {"action_time": "2018-11-15T14:11:06.088Z", "user": 1, "content_type": 14, "object_id": "21", "object_repr": "Exemplo2 - Teste!", "action_flag": 3, "change_message": ""}}, {"model": "admin.logentry", "pk": 191, "fields": {"action_time": "2018-11-15T14:11:06.091Z", "user": 1, "content_type": 14, "object_id": "20", "object_repr": "Exemplo2 - Teste!", "action_flag": 3, "change_message": ""}}, {"model": "admin.logentry", "pk": 192, "fields": {"action_time": "2018-11-15T14:11:06.094Z", "user": 1, "content_type": 14, "object_id": "19", "object_repr": "Exemplo9", "action_flag": 3, "change_message": ""}}, {"model": "admin.logentry", "pk": 193, "fields": {"action_time": "2018-11-15T14:11:06.096Z", "user": 1, "content_type": 14, "object_id": "18", "object_repr": "Exemplo2 - Teste!", "action_flag": 3, "change_message": ""}}, {"model": "admin.logentry", "pk": 194, "fields": {"action_time": "2018-11-15T14:11:06.098Z", "user": 1, "content_type": 14, "object_id": "17", "object_repr": "Exemplo10", "action_flag": 3, "change_message": ""}}, {"model": "admin.logentry", "pk": 195, "fields": {"action_time": "2018-11-15T14:11:06.100Z", "user": 1, "content_type": 14, "object_id": "16", "object_repr": "Exemplo9", "action_flag": 3, "change_message": ""}}, {"model": "admin.logentry", "pk": 196, "fields": {"action_time": "2018-11-15T14:11:06.103Z", "user": 1, "content_type": 14, "object_id": "15", "object_repr": "Exemplo9", "action_flag": 3, "change_message": ""}}, {"model": "admin.logentry", "pk": 197, "fields": {"action_time": "2018-11-15T14:11:06.106Z", "user": 1, "content_type": 14, "object_id": "14", "object_repr": "Circo M\u00e1gico Buffet Infantil", "action_flag": 3, "change_message": ""}}, {"model": "admin.logentry", "pk": 198, "fields": {"action_time": "2018-11-15T14:11:06.121Z", "user": 1, "content_type": 14, "object_id": "13", "object_repr": "Circo M\u00e1gico Buffet Infantil", "action_flag": 3, "change_message": ""}}, {"model": "admin.logentry", "pk": 199, "fields": {"action_time": "2018-11-15T14:11:06.124Z", "user": 1, "content_type": 14, "object_id": "12", "object_repr": "Exemplo10", "action_flag": 3, "change_message": ""}}, {"model": "admin.logentry", "pk": 200, "fields": {"action_time": "2018-11-15T14:11:06.126Z", "user": 1, "content_type": 14, "object_id": "11", "object_repr": "Rua da BLABLABLA - Consola\u00e7\u00e3o, S\u00e3o Paulo - SP, Brasil", "action_flag": 3, "change_message": ""}}, {"model": "admin.logentry", "pk": 201, "fields": {"action_time": "2018-11-15T14:11:06.129Z", "user": 1, "content_type": 14, "object_id": "10", "object_repr": "Exemplo10", "action_flag": 3, "change_message": ""}}, {"model": "admin.logentry", "pk": 202, "fields": {"action_time": "2018-11-15T14:11:06.131Z", "user": 1, "content_type": 14, "object_id": "9", "object_repr": "Exemplo10", "action_flag": 3, "change_message": ""}}, {"model": "admin.logentry", "pk": 203, "fields": {"action_time": "2018-11-15T14:11:06.134Z", "user": 1, "content_type": 14, "object_id": "8", "object_repr": "Exemplo10", "action_flag": 3, "change_message": ""}}, {"model": "admin.logentry", "pk": 204, "fields": {"action_time": "2018-11-15T14:11:06.137Z", "user": 1, "content_type": 14, "object_id": "7", "object_repr": "Exemplo10", "action_flag": 3, "change_message": ""}}, {"model": "admin.logentry", "pk": 205, "fields": {"action_time": "2018-11-15T14:51:33.415Z", "user": 1, "content_type": 14, "object_id": "24", "object_repr": "Exemplo2 - Teste!", "action_flag": 1, "change_message": "[{\"added\": {}}]"}}, {"model": "admin.logentry", "pk": 206, "fields": {"action_time": "2018-11-15T14:52:09.475Z", "user": 1, "content_type": 14, "object_id": "25", "object_repr": "Exemplo2 - Teste!", "action_flag": 1, "change_message": "[{\"added\": {}}]"}}, {"model": "admin.logentry", "pk": 207, "fields": {"action_time": "2018-11-15T14:52:28.582Z", "user": 1, "content_type": 14, "object_id": "26", "object_repr": "Exemplo2 - Teste!", "action_flag": 1, "change_message": "[{\"added\": {}}]"}}, {"model": "admin.logentry", "pk": 208, "fields": {"action_time": "2018-11-15T14:52:38.113Z", "user": 1, "content_type": 14, "object_id": "27", "object_repr": "Exemplo2 - Teste!", "action_flag": 1, "change_message": "[{\"added\": {}}]"}}, {"model": "admin.logentry", "pk": 209, "fields": {"action_time": "2018-11-22T05:20:45.715Z", "user": 1, "content_type": 18, "object_id": "1", "object_repr": "Chris Vendedo", "action_flag": 2, "change_message": "[{\"changed\": {\"fields\": [\"bank_code\"]}}]"}}, {"model": "admin.logentry", "pk": 210, "fields": {"action_time": "2018-11-22T06:18:33.046Z", "user": 1, "content_type": 4, "object_id": "1", "object_repr": "chri", "action_flag": 2, "change_message": "[{\"changed\": {\"fields\": [\"password\"]}}]"}}, {"model": "admin.logentry", "pk": 211, "fields": {"action_time": "2018-11-22T06:18:46.319Z", "user": 1, "content_type": 4, "object_id": "2", "object_repr": "chri2", "action_flag": 2, "change_message": "[{\"changed\": {\"fields\": [\"password\"]}}]"}}, {"model": "admin.logentry", "pk": 212, "fields": {"action_time": "2018-12-02T00:49:33.788Z", "user": 2, "content_type": 8, "object_id": "14", "object_repr": "ergwaeg FAWEGWEgawg awefwef awef", "action_flag": 3, "change_message": ""}}, {"model": "admin.logentry", "pk": 213, "fields": {"action_time": "2018-12-02T00:49:46.313Z", "user": 2, "content_type": 8, "object_id": "15", "object_repr": "awefwaefawe fwafawefawef wa", "action_flag": 3, "change_message": ""}}, {"model": "admin.logentry", "pk": 214, "fields": {"action_time": "2018-12-03T12:45:02.166Z", "user": 2, "content_type": 14, "object_id": "28", "object_repr": "Exemplo2 - Teste!", "action_flag": 1, "change_message": "[{\"added\": {}}]"}}, {"model": "admin.logentry", "pk": 215, "fields": {"action_time": "2018-12-03T12:45:05.915Z", "user": 2, "content_type": 13, "object_id": "10", "object_repr": "Exemplo2 - Teste!", "action_flag": 1, "change_message": "[{\"added\": {}}]"}}]